Title,Link
Casino Schenefeld: Deal beendet das GRND Deepstack,https://www.pokerfirma.com/news/casino-schenefeld-deal-beendet-das-grnd-deepstack/875765
Casino Schenefeld: Min-Guk Kim besiegt Felix Schneiders beim Eureka High Roller,https://www.pokerfirma.com/news/casino-schenefeld-min-guk-kim-besiegt-felix-schneiders-beim-eureka-high-roller/875752
Casino Schenefeld: Khossein Kokhestani gewinnt das Eureka Hamburg Main Event,https://www.pokerfirma.com/news/casino-schenefeld-khossein-kokhestani-gewinnt-das-eureka-hamburg-main-event/875748
Eureka Hamburg: Main Event/High Roller Finale – Livestream (ab 15 Uhr),https://www.pokerfirma.com/news/eureka-hamburg-main-event-high-roller-finale-livestream-ab-15-uhr/875526
Casino Schenefeld: Felix Schneiders jagt Thorben Vellrath beim Eureka High Roller,https://www.pokerfirma.com/news/casino-schenefeld-felix-schneiders-jagt-thorben-vellrath-beim-eureka-high-roller/875484
Casino Schenefeld: Stan Van Dijk führt im Eureka Hamburg Main Event Finale,https://www.pokerfirma.com/news/casino-schenefeld-stan-van-dijk-fuehrt-im-eureka-hamburg-main-event-finale/875480
Eureka Hamburg: Main Event Tag 2 – Livestream (ab 16 Uhr),https://www.pokerfirma.com/news/eureka-hamburg-main-event-tag-2-livestream-ab-16-uhr/875284
Casino Schenefeld: € 110.070 warten auf den Sieger beim Eureka Hamburg Main Event,https://www.pokerfirma.com/news/casino-schenefeld-e-110-070-warten-auf-den-sieger-beim-eureka-hamburg-main-event/875225
Eureka Hamburg: Main Event Tag 1C – Livestream (ab 16 Uhr),https://www.pokerfirma.com/news/eureka-hamburg-main-event-tag-1c-livestream-ab-16-uhr/875029
Casino Schenefeld: Axel Junker als klarer Chipleader nach Tag 1B der Eureka Hamburg,https://www.pokerfirma.com/news/casino-schenefeld-axel-junker-als-klarer-chipleader-nach-tag-1b-der-eureka-hamburg/874988
Eureka Hamburg: Main Event Tag 1B – Livestream (ab 16 Uhr),https://www.pokerfirma.com/news/eureka-hamburg-main-event-tag-1b-livestream-ab-16-uhr/874806
Casino Schenefeld: Kent Roed holt den Eureka Main Event Auftakt,https://www.pokerfirma.com/news/casino-schenefeld-kent-roed-holt-den-eureka-main-event-auftakt/874696
Casino Schenefeld:  Martin Salih gewinnt den Eureka Hamburg Cup,https://www.pokerfirma.com/news/casino-schenefeld-martin-salih-gewinnt-den-eureka-hamburg-cup/874695
Eureka Hamburg: Eureka Cup Finale – Livestream (ab 14 Uhr),https://www.pokerfirma.com/news/eureka-hamburg-eureka-cup-finale-livestream-ab-14-uhr/874446
Casino Schenefeld: Teilnehmerrekord beim Eureka Hamburg Cup,https://www.pokerfirma.com/news/casino-schenefeld-teilnehmerrekord-beim-eureka-hamburg-cup/874447
Eureka Hamburg: Eureka Cup Tag 1B – Livestream (ab 16 Uhr),https://www.pokerfirma.com/news/eureka-hamburg-eureka-cup-tag-1b-livestream-ab-16-uhr/874380
Casino Schenefeld: Full House zum Start beim Eureka Cup,https://www.pokerfirma.com/news/casino-schenefeld-full-house-zum-start-beim-eureka-cup/874263
Eureka Hamburg: Eureka Cup Tag 1A – Livestream (ab 16 Uhr),https://www.pokerfirma.com/news/eureka-hamburg-eureka-cup-tag-1a-livestream-ab-15-uhr/874232
Casino Schenefeld: Die Eureka Hamburg 2024 beginnt!,https://www.pokerfirma.com/news/casino-schenefeld-die-eureka-hamburg-2024-beginnt/874103
Casino Schenefeld: Yashar K holt das Double Chance,https://www.pokerfirma.com/turniere-deutschland/casino-schenefeld-yashar-k-holt-das-double-chance/873564
Casino Schenefeld: Deal beendet das GRND Deepstack,https://www.pokerfirma.com/news/casino-schenefeld-deal-beendet-das-grnd-deepstack/875765
Casino Schenefeld: Min-Guk Kim besiegt Felix Schneiders beim Eureka High Roller,https://www.pokerfirma.com/news/casino-schenefeld-min-guk-kim-besiegt-felix-schneiders-beim-eureka-high-roller/875752
Casino Schenefeld: Khossein Kokhestani gewinnt das Eureka Hamburg Main Event,https://www.pokerfirma.com/news/casino-schenefeld-khossein-kokhestani-gewinnt-das-eureka-hamburg-main-event/875748
Eureka Hamburg: Main Event/High Roller Finale – Livestream (ab 15 Uhr),https://www.pokerfirma.com/news/eureka-hamburg-main-event-high-roller-finale-livestream-ab-15-uhr/875526
Casino Schenefeld: Felix Schneiders jagt Thorben Vellrath beim Eureka High Roller,https://www.pokerfirma.com/news/casino-schenefeld-felix-schneiders-jagt-thorben-vellrath-beim-eureka-high-roller/875484
Casino Schenefeld: Stan Van Dijk führt im Eureka Hamburg Main Event Finale,https://www.pokerfirma.com/news/casino-schenefeld-stan-van-dijk-fuehrt-im-eureka-hamburg-main-event-finale/875480
Eureka Hamburg: Main Event Tag 2 – Livestream (ab 16 Uhr),https://www.pokerfirma.com/news/eureka-hamburg-main-event-tag-2-livestream-ab-16-uhr/875284
Casino Schenefeld: € 110.070 warten auf den Sieger beim Eureka Hamburg Main Event,https://www.pokerfirma.com/news/casino-schenefeld-e-110-070-warten-auf-den-sieger-beim-eureka-hamburg-main-event/875225
Eureka Hamburg: Main Event Tag 1C – Livestream (ab 16 Uhr),https://www.pokerfirma.com/news/eureka-hamburg-main-event-tag-1c-livestream-ab-16-uhr/875029
Casino Schenefeld: Axel Junker als klarer Chipleader nach Tag 1B der Eureka Hamburg,https://www.pokerfirma.com/news/casino-schenefeld-axel-junker-als-klarer-chipleader-nach-tag-1b-der-eureka-hamburg/874988
Eureka Hamburg: Main Event Tag 1B – Livestream (ab 16 Uhr),https://www.pokerfirma.com/news/eureka-hamburg-main-event-tag-1b-livestream-ab-16-uhr/874806
Casino Schenefeld: Kent Roed holt den Eureka Main Event Auftakt,https://www.pokerfirma.com/news/casino-schenefeld-kent-roed-holt-den-eureka-main-event-auftakt/874696
Casino Schenefeld:  Martin Salih gewinnt den Eureka Hamburg Cup,https://www.pokerfirma.com/news/casino-schenefeld-martin-salih-gewinnt-den-eureka-hamburg-cup/874695
Eureka Hamburg: Eureka Cup Finale – Livestream (ab 14 Uhr),https://www.pokerfirma.com/news/eureka-hamburg-eureka-cup-finale-livestream-ab-14-uhr/874446
Casino Schenefeld: Teilnehmerrekord beim Eureka Hamburg Cup,https://www.pokerfirma.com/news/casino-schenefeld-teilnehmerrekord-beim-eureka-hamburg-cup/874447
Eureka Hamburg: Eureka Cup Tag 1B – Livestream (ab 16 Uhr),https://www.pokerfirma.com/news/eureka-hamburg-eureka-cup-tag-1b-livestream-ab-16-uhr/874380
Casino Schenefeld: Full House zum Start beim Eureka Cup,https://www.pokerfirma.com/news/casino-schenefeld-full-house-zum-start-beim-eureka-cup/874263
Eureka Hamburg: Eureka Cup Tag 1A – Livestream (ab 16 Uhr),https://www.pokerfirma.com/news/eureka-hamburg-eureka-cup-tag-1a-livestream-ab-15-uhr/874232
Casino Schenefeld: Die Eureka Hamburg 2024 beginnt!,https://www.pokerfirma.com/news/casino-schenefeld-die-eureka-hamburg-2024-beginnt/874103
Casino Schenefeld: Yashar K holt das Double Chance,https://www.pokerfirma.com/turniere-deutschland/casino-schenefeld-yashar-k-holt-das-double-chance/873564
Casino Schenefeld: Zwölf Tickets im letzten Eureka Hamburg Satellite vergeben,https://www.pokerfirma.com/news/casino-schenefeld-zwoelf-tickets-im-letzten-eureka-hamburg-satellite-vergeben/873329
Casino Schenefeld: Wieder zehn Eureka Hamburg Tickets vergeben,https://www.pokerfirma.com/news/casino-schenefeld-wieder-zehn-eureka-hamburg-tickets-vergeben/872432
Casino Schenefeld: Deal zu fünft beim Double Chance,https://www.pokerfirma.com/turniere-deutschland/casino-schenefeld-deal-zu-fuenft-beim-double-chance/871816
Casino Schenefeld: Weitere zehn Eureka Hamburg Tickets im zweiten Satellite vergeben,https://www.pokerfirma.com/news/casino-schenefeld-weitere-zehn-eureka-hamburg-tickets-im-zweiten-satellite-vergeben/871591
Casino Schenefeld: Nadir A. gewinnt das Double Chance,https://www.pokerfirma.com/turniere-deutschland/casino-schenefeld-nadir-a-gewinnt-das-double-chance/870542
Casino Schenefeld: Die ersten zehn Eureka Hamburg Tickets sind vergeben,https://www.pokerfirma.com/news/casino-schenefeld-die-ersten-zehn-eureka-hamburg-tickets-sind-vergeben/870170
Casino Schenefeld: Udo W. teilt beim Double Chance,https://www.pokerfirma.com/turniere-deutschland/casino-schenefeld-udo-w-teilt-beim-double-chance/869070
Casino Schenefeld: Wilhelm A. gewinnt beim Monster Stack,https://www.pokerfirma.com/turniere-deutschland/casino-schenefeld-wilhelm-a-gewinnt-beim-monster-stack/868446
Casino Schenefeld: Nadir A. holt das Double Chance,https://www.pokerfirma.com/turniere-deutschland/casino-schenefeld-nadir-a-holt-das-double-chance/864852
Casino Schenefeld: Ralph T. gewinnt das Monster Stack,https://www.pokerfirma.com/turniere-deutschland/casino-schenefeld-ralph-t-gewinnt-das-monster-stack/867571
"Casino Schenefeld: Bruce Lee gewinnt das PLO, Cobra das Hyperturbo",https://www.pokerfirma.com/news/casino-schenefeld-bruce-lee-gewinnt-das-plo-cobra-das-hyperturbo/866200
Casino Schenefeld: Thomas K gewinnt das Mystery Bounty beim Butter bei die Tische,https://www.pokerfirma.com/news/casino-schenefeld-thomas-k-gewinnt-das-mystery-bounty-beim-butter-bei-die-tische/866199
Casino Schenefeld: € 9.585 warten auf den PLO Sieger,https://www.pokerfirma.com/news/casino-schenefeld-e-9-585-warten-auf-den-plo-sieger/866033
Casino Schenefeld: Neun Spieler hoffen auf den Mystery Sieg beim Butter bei die Tische,https://www.pokerfirma.com/news/casino-schenefeld-neun-spieler-hoffen-auf-den-mystery-sieg-beim-butter-bei-die-tische/866014
Casino Schenefeld: Full House beim Butter bei die Tische,https://www.pokerfirma.com/news/casino-schenefeld-full-house-beim-butter-bei-die-tische-2/865931
Casino Schenefeld: Dicksding übernimmt beim Butter bei die Tische,https://www.pokerfirma.com/news/casino-schenefeld-dicksding-uebernimmt-beim-butter-bei-die-tische/865788
Casino Schenefeld: Reger Auftakt beim Butter bei die Tische,https://www.pokerfirma.com/news/casino-schenefeld-reger-auftakt-beim-butter-bei-die-tische/865632
Casino Schenefeld: Es wird mysteriös – die „Butter bei die Tische“ Mystery Bounty Edition beginnt,https://www.pokerfirma.com/news/casino-schenefeld-es-wird-mysterioes-die-butter-bei-die-tische-mystery-bounty-edition-beginnt/865607
Casino Schenefeld: Der Turnierplan zur Eureka Hamburg,https://www.pokerfirma.com/news/casino-schenefeld-der-turnierplan-zur-eureka-hamburg/865495
Casino Schenefeld: Heads-up Deal beim Monster Stack,https://www.pokerfirma.com/turniere-deutschland/casino-schenefeld-heads-up-deal-beim-monster-stack/865333
Casino Schenefeld: Zlatibor D. gewinnt beim Monster Stack,https://www.pokerfirma.com/turniere-deutschland/casino-schenefeld-zlatibor-d-gewinnt-beim-monster-stack/864670
Casino Schenefeld lädt wieder zur PokerStars Eureka Hamburg,https://www.pokerfirma.com/news/casino-schenefeld-laedt-wieder-zur-pokerstars-eureka-hamburg/864126
Casino Schenefeld: Christof G. gewinnt das Double Chance,https://www.pokerfirma.com/turniere-deutschland/casino-schenefeld-christof-g-gewinnt-das-double-chance/863971
Casino Schenefeld: Deal zu dritt beendet das Monster Stack,https://www.pokerfirma.com/turniere-deutschland/casino-schenefeld-deal-zu-dritt-beendet-das-monster-stack/863731
Casino Schenefeld: Heads-up Deal beim Double Chance,https://www.pokerfirma.com/turniere-deutschland/casino-schenefeld-heads-up-deal-beim-double-chance-4/863185
Casino Schenefeld: Joe L holte das Monster Stack,https://www.pokerfirma.com/turniere-deutschland/casino-schenefeld-joe-l-holte-das-monster-stack/863030
Casino Schenefeld: Deal zu dritt entscheidet das Double Chance,https://www.pokerfirma.com/turniere-deutschland/casino-schenefeld-deal-zu-dritt-entscheidet-das-double-chance-3/862619
Casino Schenefeld: Butter bei die Tische 2024 kommt in der Mystery Bounty Edition,https://www.pokerfirma.com/news/casino-schenefeld-butter-bei-die-tische-2024-kommt-in-der-mystery-bounty-edition/862521
Casino Schenefeld: Deal beendet das Monster Stack,https://www.pokerfirma.com/turniere-deutschland/casino-schenefeld-deal-beendet-das-monster-stack-3/862319
Casino Schenefeld: Teilung im Heads-up beim Double Chance,https://www.pokerfirma.com/turniere-deutschland/casino-schenefeld-teilung-im-heads-up-beim-double-chance/861771
Casino Schenefeld: 4-Way Deal entscheidet das Monster Stack,https://www.pokerfirma.com/turniere-deutschland/casino-schenefeld-4-way-deal-entscheidet-das-monster-stack/861444
Casino Schenefeld: Eduard L. gewinnt das Double Chance,https://www.pokerfirma.com/turniere-deutschland/casino-schenefeld-eduard-l-gewinnt-das-double-chance/860746
Casino Schenefeld: ICM-Deal zu viert beim Monster Stack,https://www.pokerfirma.com/turniere-deutschland/casino-schenefeld-icm-deal-zu-viert-beim-monster-stack/860534
Casino Schenefeld: Wilhelm K. sichert sich das Double Chance,https://www.pokerfirma.com/turniere-deutschland/casino-schenefeld-wilhelm-k-sichert-sich-das-double-chance/859998
Casino Schenefeld: 5-Way Deal beim Monster Stack,https://www.pokerfirma.com/turniere-deutschland/casino-schenefeld-5-way-deal-beim-monster-stack/859786
Casino Schenefeld: Felix M gewinnt die Monster Pokertour,https://www.pokerfirma.com/news/casino-schenefeld-felix-m-gewinnt-die-monster-pokertour/858829
Casino Schenefeld: Full House beim Monster Pokertour Main Event,https://www.pokerfirma.com/news/casino-schenefeld-full-house-beim-monster-pokertour-main-event/858732
Casino Schenefeld: Gevorg G ist der Monster Pokertour PLO Champ und ein volles Haus zum Main Event Start,https://www.pokerfirma.com/news/casino-schenefeld-gevorg-g-ist-der-monster-pokertour-plo-champ-und-ein-volles-haus-zum-main-event-start/858640
Casino Schenefeld: Lami führt beim Monster Pokertour PLO,https://www.pokerfirma.com/news/casino-schenefeld-lami-fuehrt-beim-monster-pokertour-plo/858508
Casino Schenefeld startet in die erste Monster Pokertour 2024,https://www.pokerfirma.com/news/casino-schenefeld-startet-in-die-erste-monster-pokertour-2024/858439
Casino Schenefeld: Alin P. gewinnt das Double Chance,https://www.pokerfirma.com/turniere-deutschland/casino-schenefeld-alin-p-gewinnt-das-double-chance/858412
Casino Schenefeld: Mantis gewinnt das Monster Stack,https://www.pokerfirma.com/turniere-deutschland/casino-schenefeld-mantis-gewinnt-das-monster-stack/853202
Casino Schenefeld: Jan W. siegt beim Double Chance,https://www.pokerfirma.com/turniere-deutschland/casino-schenefeld-jan-w-siegt-beim-double-chance/853383
Casino Schenefeld: Deal zu dritt entscheidet das Double Chance,https://www.pokerfirma.com/turniere-deutschland/casino-schenefeld-deal-zu-dritt-entscheidet-das-double-chance-2/853350
Casino Schenefeld lädt wieder zur Monster Pokertour,https://www.pokerfirma.com/news/casino-schenefeld-laedt-wieder-zur-monster-pokertour-2/853220
Casino Schenefeld: No Deal beim Double Chance,https://www.pokerfirma.com/turniere-deutschland/casino-schenefeld-no-deal-beim-double-chance/852843
Casino Schenefeld: Teilung beim Monster Stack,https://www.pokerfirma.com/turniere-deutschland/casino-schenefeld-teilung-beim-monster-stack-2/852650
Casino Schenefeld: Heads-up Deal beim Double Chance,https://www.pokerfirma.com/turniere-deutschland/casino-schenefeld-heads-up-deal-beim-double-chance-3/851625
Casino Schenefeld: Deal beendet das Monster Stack,https://www.pokerfirma.com/turniere-deutschland/casino-schenefeld-deal-beendet-das-monster-stack-2/851246
"Casino Schenefeld: Shadinho stürmt zum PLO HR Sieg, Arman Z holte das Turbo",https://www.pokerfirma.com/news/casino-schenefeld-shadinho-stuermt-zum-plo-hr-sieg-arman-z-holte-das-turbo/850045
Casino Schenefeld: Robin S. schnappt sich den Sieg bei den Hochgepokert Masters,https://www.pokerfirma.com/news/casino-schenefeld-robin-s-schnappt-sich-den-sieg-bei-den-hochgepokert-masters/850043
Casino Schenefeld: Starkes Feld beim PLO HR der Hochgepokert Masters,https://www.pokerfirma.com/news/casino-schenefeld-starkes-feld-beim-plo-hr-der-hochgepokert-masters/849914
Casino Schenefeld: Ali K. führt am Final Table der Hochgepokert Masters,https://www.pokerfirma.com/news/casino-schenefeld-ali-k-fuehrt-am-final-table-der-hochgepokert-masters/849913
Casino Schenefeld: Full House bei den Hochgepokert Masters,https://www.pokerfirma.com/news/casino-schenefeld-full-house-bei-den-hochgepokert-masters/849726
Casino Schenefeld: Özgür A übernimmt bei den Hochgepokert Masters,https://www.pokerfirma.com/news/casino-schenefeld-oezguer-a-uebernimmt-bei-den-hochgepokert-masters/849546
"Casino Schenefeld: Click Clock gewinnt das PLO, solider Start ins Main Event der Hochgepokert Masters",https://www.pokerfirma.com/news/casino-schenefeld-click-clock-gewinnt-das-plo-solider-start-ins-main-event-der-hochgepokert-masters/849446
Casino Schenefeld: Actionreicher PLO Auftakt der Hochgepokert Masters,https://www.pokerfirma.com/news/casino-schenefeld-actionreicher-plo-auftakt-der-hochgepokert-masters/849327
Casino Schenefeld: Wilhelm A. gewinnt das Monster Stack,https://www.pokerfirma.com/turniere-deutschland/casino-schenefeld-wilhelm-a-gewinnt-das-monster-stack/848796
Casino Schenefeld präsentiert wieder die Hochgepokert Masters,https://www.pokerfirma.com/news/casino-schenefeld-praesentiert-wieder-die-hochgepokert-masters/848194
Casino Schenefeld: 6-Way Deal beim Monster Stack,https://www.pokerfirma.com/turniere-deutschland/casino-schenefeld-6-way-deal-beim-monster-stack/847823
Casino Schenefeld: Deal zu dritt beim ersten Double Chance des Jahres,https://www.pokerfirma.com/turniere-deutschland/casino-schenefeld-deal-zu-dritt-beim-ersten-double-chance-des-jahres/847274
Casino Schenefeld: Heads-up Deal beendet das Merry Monster Stack,https://www.pokerfirma.com/news/casino-schenefeld-heads-up-deal-beendet-das-merry-monster-stack/846617
Casino Schenefeld: Deals beenden das Double Chance,https://www.pokerfirma.com/turniere-deutschland/casino-schenefeld-deals-beenden-das-double-chance/845953
Casino Schenefeld: Teilung beim Monster Stack,https://www.pokerfirma.com/news/casino-schenefeld-teilung-beim-monster-stack/845661
Casino Schenefeld: Zwei Deals beenden das Double Chance,https://www.pokerfirma.com/turniere-deutschland/casino-schenefeld-zwei-deals-beenden-das-double-chance/844675
Casino Schenefeld: Deal beendet das Monster Stack,https://www.pokerfirma.com/news/casino-schenefeld-deal-beendet-das-monster-stack/844405
Casino Schenefeld: ICM Deal beim Double Chance,https://www.pokerfirma.com/turniere-deutschland/casino-schenefeld-icm-deal-beim-double-chance/843799
Casino Schenefeld: Amir P. gewinnt das Monster Stack,https://www.pokerfirma.com/news/casino-schenefeld-amir-p-gewinnt-das-monster-stack/843639
Casino Schenefeld: No Deal beim Monster Stack,https://www.pokerfirma.com/news/casino-schenefeld-no-deal-beim-monster-stack/838939
Casino Schenefeld: Tom R. schnappt sich den Double Chance Sieg,https://www.pokerfirma.com/turniere-deutschland/casino-schenefeld-tom-r-schnappt-sich-den-double-chance-sieg/837365
Casino Schenefeld:  Deal zu viert beim Monster Stack,https://www.pokerfirma.com/news/casino-schenefeld-deal-zu-viert-beim-monster-stack-2/836732
Casino Schenefeld: Rainer L. gewinnt das Double Chance,https://www.pokerfirma.com/turniere-deutschland/casino-schenefeld-rainer-l-gewinnt-das-double-chance/836300
Casino Schenefeld:  Sonetschko und Marcel W. teilen beim Monster Stack,https://www.pokerfirma.com/news/casino-schenefeld-sonetschko-und-marcel-w-teilen-beim-monster-stack/835805
Casino Schenefeld: Teilung beim Double Chance,https://www.pokerfirma.com/turniere-deutschland/casino-schenefeld-teilung-beim-double-chance-4/835339
Casino Schenefeld:  Reza R. gewinnt – und Udo Gartenbach casht erneut,https://www.pokerfirma.com/news/casino-schenefeld-reza-r-gewinnt-und-udo-gartenbach-casht-erneut/835095
Casino Schenefeld: Sebastian W. dealt sich zum Double Chance Sieg,https://www.pokerfirma.com/turniere-deutschland/casino-schenefeld-sebastian-w-dealt-sich-zum-double-chance-sieg/834521
Casino Schenefeld: Christos M. gewinnt das Monster Stack,https://www.pokerfirma.com/turniere-deutschland/casino-schenefeld-christos-m-gewinnt-das-monster-stack/834319
Casino Schenefeld: Deals entscheiden das Double Chance,https://www.pokerfirma.com/turniere-deutschland/casino-schenefeld-deals-entscheiden-das-double-chance/833859
Casino Schenefeld: Deal zu fünft beim Monster Stack,https://www.pokerfirma.com/turniere-deutschland/casino-schenefeld-deal-zu-fuenft-beim-monster-stack-2/833442
Casino Schenefeld: Sieg für Aydin Gengec und Cash für Udo Gartenbach,https://www.pokerfirma.com/news/casino-schenefeld-sieg-fuer-aydin-gengec-und-cash-fuer-udo-gartenbach/831484
Casino Schenefeld: Konstantin Färber siegt beim Eureka Hamburg High Roller,https://www.pokerfirma.com/news/casino-schenefeld-konstantin-faerber-siegt-beim-eureka-hamburg-high-roller/831349
Casino Schenefeld: Amir Mozaffarian gewinnt die Eureka Hamburg,https://www.pokerfirma.com/news/casino-schenefeld-amir-mozaffarian-gewinnt-die-eureka-hamburg/831350
Casino Schenefeld: Livestream PokerStars Eureka Hamburg Main Event Finale (xflixx),https://www.pokerfirma.com/news/casino-schenefeld-livestream-pokerstars-eureka-hamburg-main-event-finale-xflixx/831221
Casino Schenefeld: Starkes Feld beim Eureka Hamburg High Roller,https://www.pokerfirma.com/news/casino-schenefeld-starkes-feld-beim-eureka-hamburg-high-roller/831057
Casino Schenefeld: Robin Kazemieh führt im Finale der Eureka Hamburg,https://www.pokerfirma.com/news/casino-schenefeld-robin-kazemieh-fuehrt-im-finale-der-eureka-hamburg/831056
Casino Schenefeld: Livestream PokerStars Eureka Hamburg Main Event Tag 2 (xflixx),https://www.pokerfirma.com/news/casino-schenefeld-livestream-pokerstars-eureka-hamburg-main-event-tag-2-xflixx/831002
Casino Schenefeld: Teilnehmerrekord bei der Eureka Hamburg,https://www.pokerfirma.com/news/casino-schenefeld-teilnehmerrekord-bei-der-eureka-hamburg/830822
Casino Schenefeld: Livestream PokerStars Eureka Hamburg Main Event Tag 1C (xflixx),https://www.pokerfirma.com/news/casino-schenefeld-livestream-pokerstars-eureka-hamburg-main-event-tag-1c-xflixx/830807
Casino Schenefeld: Ercan Atmaca übernimmt die Eureka Hamburg Führung,https://www.pokerfirma.com/news/casino-schenefeld-ercan-atmaca-uebernimmt-die-eureka-hamburg-fuehrung/830684
Casino Schenefeld: Livestream PokerStars Eureka Hamburg Main Event Tag 1B (xflixx),https://www.pokerfirma.com/news/casino-schenefeld-livestream-pokerstars-eureka-hamburg-main-event-tag-1b-xflixx/830658
Casino Schenefeld: Halil Coknez führt nach starkem Eureka Hamburg Auftakt,https://www.pokerfirma.com/news/casino-schenefeld-halil-coknez-fuehrt-nach-starkem-eureka-hamburg-auftakt/830548
Casino Schenefeld: Livestream PokerStars Eureka Hamburg Main Event Tag 1A (xflixx),https://www.pokerfirma.com/news/casino-schenefeld-livestream-pokerstars-eureka-hamburg-main-event-tag-1a-xflixx/830530
Casino Schenefeld: Brian Klindrup holt den Eureka Cup,https://www.pokerfirma.com/news/casino-schenefeld-brian-klindrup-holt-den-eureka-cup/830336
Casino Schenefeld: Livestream PokerStars Eureka Cup Finale (xflixx),https://www.pokerfirma.com/news/casino-schenefeld-livestream-pokerstars-eureka-cup-finale-xflixx/830310
Casino Schenefeld: € 173.565 Preispool beim Eureka Hamburg Cup,https://www.pokerfirma.com/news/casino-schenefeld-e-173-565-preispool-beim-eureka-hamburg-cup/830201
Casino Schenefeld: Full House zum Eureka Hamburg Start,https://www.pokerfirma.com/news/casino-schenefeld-full-house-zum-eureka-hamburg-start/830061
Casino Schenefeld: Noch einmal neun Tickets für die Eureka Hamburg,https://www.pokerfirma.com/news/casino-schenefeld-noch-einmal-neun-tickets-fuer-die-eureka-hamburg/829847
Der Countdown zur Eureka Hamburg läuft,https://www.pokerfirma.com/news/der-countdown-zur-eureka-hamburg-laeuft/829120
Casino Schenefeld: Teilung beim Double Chance,https://www.pokerfirma.com/turniere-deutschland/casino-schenefeld-teilung-beim-double-chance-3/828920
Casino Schenefeld: Nochmal zehn Tickets für die Eureka Hamburg ausgespielt,https://www.pokerfirma.com/news/casino-schenefeld-nochmal-zehn-tickets-fuer-die-eureka-hamburg-ausgespielt/828409
Casino Schenefeld: Weitere zehn Tickets für die Eureka Hamburg ausgespielt,https://www.pokerfirma.com/news/casino-schenefeld-weitere-zehn-tickets-fuer-die-eureka-hamburg-ausgespielt/827332
Casino Schenefeld: Naser N. gewinnt das Double Chance,https://www.pokerfirma.com/turniere-deutschland/casino-schenefeld-naser-n-gewinnt-das-double-chance/825589
Casino Schenefeld: Die ersten neun Eureka Tickets sind vergeben,https://www.pokerfirma.com/news/casino-schenefeld-die-ersten-neun-eureka-tickets-sind-vergeben/825261
Casino Schenefeld: Steven T. holt das Double Chance,https://www.pokerfirma.com/turniere-deutschland/casino-schenefeld-steven-t-holt-das-double-chance/824674
Casino Schenefeld: Heads-up Deal beendet das Monster Stack,https://www.pokerfirma.com/turniere-deutschland/casino-schenefeld-heads-up-deal-beendet-das-monster-stack/824428
Casino Schenefeld: Teilung beim Double Chance,https://www.pokerfirma.com/turniere-deutschland/casino-schenefeld-teilung-beim-double-chance-2/823755
Casino Schenefeld: Deal zu fünft beim Monster Stack,https://www.pokerfirma.com/turniere-deutschland/casino-schenefeld-deal-zu-fuenft-beim-monster-stack/823521
Casino Schenefeld: Joshua M. gewinnt das Double Chance,https://www.pokerfirma.com/turniere-deutschland/casino-schenefeld-joshua-m-gewinnt-das-double-chance/823062
Casino Schenefeld: Back-to-Back – Ramazan K. gewinnt erneut das Monster Stack,https://www.pokerfirma.com/turniere-deutschland/casino-schenefeld-back-to-back-ramazan-k-gewinnt-erneut-das-monster-stack/822702
Casino Schenefeld: Heads-up Deal beendet das Double Chance,https://www.pokerfirma.com/turniere-deutschland/casino-schenefeld-heads-up-deal-beendet-das-double-chance/822455
Casino Schenefeld: Ramazan K. gewinnt das Monster Stack,https://www.pokerfirma.com/turniere-deutschland/casino-schenefeld-ramazan-k-gewinnt-das-monster-stack/822248
Casino Schenefeld: Heads-up Deal beim Double Chance,https://www.pokerfirma.com/turniere-deutschland/casino-schenefeld-heads-up-deal-beim-double-chance-2/821343
Casino Schenefeld: Ara J. gewinnt das Double Chance,https://www.pokerfirma.com/turniere-deutschland/casino-schenefeld-ara-j-gewinnt-das-double-chance/819672
Casino Schenefeld: Heiko S. gewinnt das Monster Stack,https://www.pokerfirma.com/turniere-deutschland/casino-schenefeld-heiko-s-gewinnt-das-monster-stack/816796
Casino Schenefeld: Nur ein Bubble Deal beim Double Chance,https://www.pokerfirma.com/turniere-deutschland/casino-schenefeld-nur-ein-bubble-deal-beim-double-chance/817199
Casino Schenefeld: Der Eureka Hamburg Schedule ist da!,https://www.pokerfirma.com/news/casino-schenefeld-der-eureka-hamburg-schedule-ist-da/816312
Casino Schenefeld: Deal zu viert beim Double Chance,https://www.pokerfirma.com/turniere-deutschland/casino-schenefeld-deal-zu-viert-beim-double-chance-3/815861
Casino Schenefeld: Deal zu dritt entscheidet das Monster Poker Tour Main Event,https://www.pokerfirma.com/news/casino-schenefeld-deal-zu-dritt-entscheidet-das-monster-poker-tour-main-event/815268
Casino Schenefeld: Full House beim Monster Poker Tour Main Event,https://www.pokerfirma.com/news/casino-schenefeld-full-house-beim-monster-poker-tour-main-event/815109
"Casino Schenefeld: Bluto siegt beim PLO, Mr Pink führt beim Main Event",https://www.pokerfirma.com/news/casino-schenefeld-bluto-siegt-beim-plo-mr-pink-fuehrt-beim-main-event/815018
Casino Schenefeld: Starke PLO Premiere bei der Monster Poker Tour,https://www.pokerfirma.com/news/casino-schenefeld-starke-plo-premiere-bei-der-monster-poker-tour/814870
Casino Schenefeld: Deal zu viert Beim Double Chance,https://www.pokerfirma.com/turniere-deutschland/casino-schenefeld-deal-zu-viert-beim-double-chance-2/814765
Monster Poker Tour kommt mit satter PLO und NLH Action,https://www.pokerfirma.com/news/monster-poker-tour-kommt-mit-satter-plo-und-nlh-action/814646
Casino Schenefeld: Sonetschko siegt beim Monster Stack,https://www.pokerfirma.com/turniere-deutschland/casino-schenefeld-sonetschko-siegt-beim-monster-stack/814449
Casino Schenefeld: Deal beim Monster Stack,https://www.pokerfirma.com/turniere-deutschland/casino-schenefeld-deal-beim-monster-stack/813425
Casino Schenefeld: Deal beim Double Chance,https://www.pokerfirma.com/turniere-deutschland/casino-schenefeld-deal-beim-double-chance/812706
PokerStars Eureka Hamburg kommt zurück ins Casino Schenefeld,https://www.pokerfirma.com/news/pokerstars-eureka-hamburg-kommt-zurueck-ins-casino-schenefeld/812531
Casino Schenefeld: Mathias W. gewinnt das Monster Stack,https://www.pokerfirma.com/turniere-deutschland/casino-schenefeld-mathias-w-gewinnt-das-monster-stack/812479
Casino Schenefeld: Thomas M. gewinnt das Double Chance,https://www.pokerfirma.com/turniere-deutschland/casino-schenefeld-thomas-m-gewinnt-das-double-chance/810641
Casino Schenefeld: Deal zu viert beim Monster Stack,https://www.pokerfirma.com/turniere-deutschland/casino-schenefeld-deal-zu-viert-beim-monster-stack/810463
Casino Schenefeld: Teilung beim  Double Chance,https://www.pokerfirma.com/turniere-deutschland/casino-schenefeld-teilung-beim-double-chance/809802
Casino Schenefeld: 3-Way Deal beendet das Sunday Monster Stack,https://www.pokerfirma.com/turniere-deutschland/casino-schenefeld-3-way-deal-beendet-das-sunday-monster-stack/809138
Casino Schenefeld: No Deal – Malek H gewinnt das Double Chance,https://www.pokerfirma.com/turniere-deutschland/casino-schenefeld-no-deal-malek-h-gewinnt-das-double-chance/807890
Casino Schenefeld: Starkes Monster Stack auch am Pfingstsonntag,https://www.pokerfirma.com/turniere-deutschland/casino-schenefeld-starkes-monster-stack-auch-am-pfingstsonntag/807774
Heiße Action beim neuen Monster Pokertour Stopp im Casino Schenefeld,https://www.pokerfirma.com/news/heisse-action-beim-neuen-monster-pokertour-stopp-im-casino-schenefeld/807517
Casino Schenefeld:  Deals beenden die Butter bei die Tische Side Events,https://www.pokerfirma.com/news/casino-schenefeld-deals-beenden-die-butter-bei-die-tische-side-events/806411
Casino Schenefeld: Hendrik R. gewinnt das Butter bei die Tische,https://www.pokerfirma.com/news/casino-schenefeld-hendrik-r-gewinnt-das-butter-bei-die-tische/806388
Casino Schenefeld: Ansturm beim BbdT Mystey Bounty,https://www.pokerfirma.com/news/casino-schenefeld-ansturm-beim-bbdt-mystey-bounty/806132
Casino Schenefeld: Der Final Table beim Butter bei die Tische steht,https://www.pokerfirma.com/news/casino-schenefeld-der-final-table-beim-butter-bei-die-tische-steht/806131
Casino Schenefeld: Full House beim Butter bei die Tische,https://www.pokerfirma.com/news/casino-schenefeld-full-house-beim-butter-bei-die-tische/805874
Casino Schenefeld: Schon 189 Entries beim Butter bei die Tische Main Event,https://www.pokerfirma.com/news/casino-schenefeld-schon-189-entries-beim-butter-bei-die-tische-main-event/805529
Casino Schenefeld: Das „Butter bei die Tische“ Main Event ist eröffnet,https://www.pokerfirma.com/news/casino-schenefeld-das-butter-bei-die-tische-main-event-ist-eroeffnet/805324
Casino Schenefeld: Wiesbaden gewinnt das Butter bei die Tische PLO,https://www.pokerfirma.com/news/casino-schenefeld-wiesbaden-gewinnt-das-butter-bei-die-tische-plo/805323
Casino Schenefeld: € 12.860 warten auf den PLO Sieger beim „Butter bei die Tische“,https://www.pokerfirma.com/news/casino-schenefeld-e-12-860-warten-auf-den-plo-sieger-beim-butter-bei-die-tische/805037
Casino Schenefeld: PLO Auftakt beim „Butter bei die Tische“,https://www.pokerfirma.com/news/casino-schenefeld-plo-auftakt-beim-butter-bei-die-tische/804890
Casino Schenefeld: Deal zu viert beim Double Chance,https://www.pokerfirma.com/turniere-deutschland/casino-schenefeld-deal-zu-viert-beim-double-chance/804038
Casino Schenefeld: Der Countdown zum „Butter bei die Tische“ läuft,https://www.pokerfirma.com/news/casino-schenefeld-der-countdown-zum-butter-bei-die-tische-laeuft/803994
Casino Schenefeld: Volles Haus beim Monster Stack,https://www.pokerfirma.com/turniere-deutschland/casino-schenefeld-volles-haus-beim-monster-stack/803733
Casino Schenefeld: 4-Way Deal beendet das Double Chance,https://www.pokerfirma.com/turniere-deutschland/casino-schenefeld-4-way-deal-beendet-das-double-chance/803242
Casino Schenefeld: ICM Deal beim Monster Stack,https://www.pokerfirma.com/turniere-deutschland/casino-schenefeld-icm-deal-beim-monster-stack/802067
Casino Schenefeld: Heads-up Deal beim Double Chance,https://www.pokerfirma.com/turniere-deutschland/casino-schenefeld-heads-up-deal-beim-double-chance/802294
Casino Schenefeld: Mike S. gewinnt das Double Chance,https://www.pokerfirma.com/turniere-deutschland/casino-schenefeld-mike-s-gewinnt-das-double-chance/801684
Casino Schenefeld: Teilung beendet das Monster Stack,https://www.pokerfirma.com/turniere-deutschland/casino-schenefeld-teilung-beendet-das-monster-stack/801437
Casino Schenefeld: 3-Way Deal entscheidet das Double Chance,https://www.pokerfirma.com/turniere-deutschland/casino-schenefeld-3-way-deal-entscheidet-das-double-chance/801005
Casino Schenefeld: Deal beim Monster Stack am Ostersonntag,https://www.pokerfirma.com/turniere-deutschland/casino-schenefeld-deal-beim-monster-stack-am-ostersonntag/800761
Casino Schenefeld: Heads-up Deal beim Double Stack Freezeout,https://www.pokerfirma.com/turniere-deutschland/casino-schenefeld-heads-up-deal-beim-double-stack-freezeout/800362
Casino Schenefeld: Starke Rückkehr der regulären Turniere,https://www.pokerfirma.com/news/casino-schenefeld-starke-rueckkehr-der-regulaeren-turniere/800006
„Butter bei die Tische“ – das nächste Event im Casino Schenefeld,https://www.pokerfirma.com/news/butter-bei-die-tische-das-naechste-event-im-casino-schenefeld/797282
Casino Schenefeld: Deal beendet die Monster Pokertour,https://www.pokerfirma.com/news/casino-schenefeld-deal-beendet-die-monster-pokertour/796887
Casino Schenefeld: Franziska H führt das Feld ins Monster Pokertour Finale,https://www.pokerfirma.com/news/casino-schenefeld-franziska-h-fuehrt-das-feld-ins-monster-pokertour-finale/796730
Casino Schenefeld: Full House zum Auftakt der ersten Monster Pokertour 2023,https://www.pokerfirma.com/news/casino-schenefeld-full-house-zum-auftakt-der-ersten-monster-pokertour-2023/796645
Casino Schenefeld: Mehr (Turnier)Poker ab April,https://www.pokerfirma.com/news/casino-schenefeld-mehr-turnierpoker-ab-april/796449
Casino Schenefeld lädt auch 2023 zur Monster Pokertour,https://www.pokerfirma.com/news/casino-schenefeld-laedt-auch-2023-zur-monster-pokertour/790097
Casino Schenefeld: Jockel Joe – vom Bubble Boy zum Turniersieg,https://www.pokerfirma.com/news/casino-schenefeld-jockel-joe-vom-bubble-boy-zum-turniersieg/786889
Casino Schenefeld: Vegetarier holt das Main Event der Hochgepokert Masters,https://www.pokerfirma.com/news/casino-schenefeld-vegetarier-holt-das-main-event-der-hochgepokert-masters/786888
Casino Schenefeld: Starkes PLO High Roller der Hochgepokert Masters,https://www.pokerfirma.com/news/casino-schenefeld-starkes-plo-high-roller-der-hochgepokert-masters/786785
Casino Schenefeld: Serkan A. führt am Final Table der Hochgepokert Masters,https://www.pokerfirma.com/news/casino-schenefeld-serkan-a-fuehrt-am-final-table-der-hochgepokert-masters/786772
Casino Schenefeld: Fast € 50k warten auf den Sieger der Hochgepokert Masters,https://www.pokerfirma.com/news/casino-schenefeld-fast-e-50k-warten-auf-den-sieger-der-hochgepokert-masters/786678
Casino Schenefeld: Volles Haus beim Hochgepokert Masters Main Event,https://www.pokerfirma.com/news/casino-schenefeld-volles-haus-beim-hochgepokert-masters-main-event/786580
Casino Schenefeld: Deal beim PLO und ein gelungener Main Event Auftakt,https://www.pokerfirma.com/news/casino-schenefeld-deal-beim-plo-und-ein-gelungener-main-event-auftakt/786446
Casino Schenefeld: Gelungener PLO Auftakt bei den Hochgepokert Masters,https://www.pokerfirma.com/news/casino-schenefeld-gelungener-plo-auftakt-bei-den-hochgepokert-masters/786327
Casino Schenefeld präsentiert die Hochgepokert Masters,https://www.pokerfirma.com/news/casino-schenefeld-praesentiert-die-hochgepokert-masters/785443
Casino Schenefeld: Deals beenden das PLO High Roller und das Hyper Turbo,https://www.pokerfirma.com/news/casino-schenefeld-deals-beenden-das-plo-high-roller-und-das-hyper-turbo/781490
Casino Schenefeld: Wiesbaden siegt beim Nordic Poker Festival,https://www.pokerfirma.com/news/casino-schenefeld-wiesbaden-siegt-beim-nordic-poker-festival/781489
Casino Schenefeld: Flow State führt beim starken PLO High Roller,https://www.pokerfirma.com/news/casino-schenefeld-flow-state-fuehrt-beim-starken-plo-high-roller/781015
Casino Schenefeld: Wer wird Nordic Poker Champion?,https://www.pokerfirma.com/news/casino-schenefeld-wer-wird-nordic-poker-champion/781001
Casino Schenefeld: Ausverkauftes Haus beim Nordic Poker Festival Main Event,https://www.pokerfirma.com/news/casino-schenefeld-ausverkauftes-haus-beim-nordic-poker-festival-main-event/780715
Casino Schenefeld: Paxii übernimmt die Führung beim Nordic Poker Festival Main Event,https://www.pokerfirma.com/news/casino-schenefeld-paxii-uebernimmt-die-fuehrung-beim-nordic-poker-festival-main-event/780110
Casino Schenefeld: Starker Auftakt beim Nordic Poker Festival Main Event,https://www.pokerfirma.com/news/casino-schenefeld-starker-auftakt-beim-nordic-poker-festival-main-event/779994
Casino Schenefeld:  Peyman Lüth holt das High Roller,https://www.pokerfirma.com/news/casino-schenefeld-peyman-lueth-holt-das-high-roller/779993
Casino Schenefeld: Elbesand führt beim 2k High Roller des Nordic Poker Festivals,https://www.pokerfirma.com/news/casino-schenefeld-elbesand-fuehrt-beim-2k-high-roller-des-nordic-poker-festivals/779850
Casino Schenefeld: Deal entscheidet das kleine PLO des Nordic Poker Festivals,https://www.pokerfirma.com/news/casino-schenefeld-deal-entscheidet-das-kleine-plo-des-nordic-poker-festivals/779808
Casino Schenefeld: Full House auch beim kleinen PLO des Nordic Poker Festivals,https://www.pokerfirma.com/news/casino-schenefeld-full-house-auch-beim-kleinen-plo-des-nordic-poker-festivals/779573
Casino Schenefeld:  Michael Fohs ist der neue SH Meister,https://www.pokerfirma.com/news/casino-schenefeld-michael-fohs-ist-der-neue-sh-meister/779280
Casino Schenefeld: Erneut Full House bei der SH Meisterschaft,https://www.pokerfirma.com/news/casino-schenefeld-erneut-full-house-bei-der-sh-meisterschaft/778947
Casino Schenefeld: Ansturm bei der SH Meisterschaft,https://www.pokerfirma.com/news/casino-schenefeld-ansturm-bei-der-sh-meisterschaft/778621
Casino Schenefeld: Der Countdown zum Nordic Poker Festival läuft,https://www.pokerfirma.com/news/casino-schenefeld-der-countdown-zum-nordic-poker-festival-laeuft/776549
Casino Schenefeld: Jetzt schon Tickets für das Nordic Poker Festival sichern,https://www.pokerfirma.com/news/casino-schenefeld-jetzt-schon-tickets-fuer-das-nordic-poker-festival-sichern/774618
Casino Schenefeld: Die Rückkehr der SH Meisterschaft und des Nordic Poker Festivals,https://www.pokerfirma.com/news/casino-schenefeld-die-rueckkehr-der-sh-meisterschaft-und-des-nordic-poker-festivals/771678
Es wird gepokert im Casino Schenefeld,https://www.pokerfirma.com/news/es-wird-gepokert-im-casino-schenefeld/685471
Road to PSPC Hamburg – VERSCHOBEN!,https://www.pokerfirma.com/news/road-to-pspc-hamburg-verschoben/663462
Casino Schenefeld: Heads-Up Deal beendet das „Funky Deepstack“ Turnier,https://www.pokerfirma.com/turniere-deutschland/casino-schenefeld-heads-up-deal-beendet-das-funky-deepstack-turnier/663434
Casino Schenefeld: 5-Way Deal beim „88 Double Chance“ Turnier,https://www.pokerfirma.com/turniere-deutschland/casino-schenefeld-5-way-deal-beim-88-double-chance-turnier/663358
Road to PSPC Hamburg: Der Countdown läuft!,https://www.pokerfirma.com/news/road-to-pspc-hamburg-der-countdown-laeuft/663305
Casino Schenefeld: Branko S. gewinnt in Folge das PLO Turnier am Donnerstag,https://www.pokerfirma.com/turniere-deutschland/casino-schenefeld-branko-s-gewinnt-in-folge-das-plo-turnier-am-donnerstag/663249
Casino Schenefeld: Deal zu fünft beim “ Big Addy PLO“ Turnier,https://www.pokerfirma.com/turniere-deutschland/casino-schenefeld-deal-zu-fuenft-beim-big-addy-plo-turnier/663114
Casino Schenefeld: WAGI gewinnt beim Gönn Dir 77 am Montag,https://www.pokerfirma.com/turniere-deutschland/casino-schenefeld-wagi-gewinnt-beim-goenn-dir-77-am-montag/663006
Casino Schenefeld: Thomas M. siegt beim „Big Addy“ Turnier am Sonntag,https://www.pokerfirma.com/turniere-deutschland/casino-schenefeld-thomas-m-siegt-beim-big-addy-turnier-am-sonntag/662885
Casino Schenefeld: Deal zu fünft entscheidet beim Funky Deepstack am Samstag,https://www.pokerfirma.com/turniere-deutschland/casino-schenefeld-deal-zu-fuenft-entscheidet-beim-funky-deepstack-am-samstag/662619
Casino Schenefeld: Maik H. siegt beim „88 Double Chance“ Turnier,https://www.pokerfirma.com/turniere-deutschland/casino-schenefeld-maik-h-siegt-beim-88-double-chance-turnier/662350
Casino Schenefeld: Branko Skopje setzt sich beim PLO Turnier am Donnerstag durch,https://www.pokerfirma.com/turniere-deutschland/casino-schenefeld-branko-skopje-setzt-sich-beim-plo-turnier-am-donnerstag-durch/662348
Casino Schenefeld: 5 Spieler teilen beim Big Addy PLO Turnier am Dienstag,https://www.pokerfirma.com/turniere-deutschland/casino-schenefeld-5-spieler-teilen-beim-big-addy-plo-turnier-am-dienstag/661605
Casino Schenefeld: Dominik R. gewinnt nach Heads-Up Deal das „gönn dir 77“ Turnier,https://www.pokerfirma.com/turniere-deutschland/casino-schenefeld-dominik-r-gewinnt-nach-heads-up-deal-das-goenn-dir-77-turnier/661564
Casino Schenefeld: 6-Way Deal beim „Big Addy“ Turnier am Sonntag,https://www.pokerfirma.com/turniere-deutschland/casino-schenefeld-6-way-deal-beim-big-addy-turnier-am-sonntag/661562
Road to PSPC Hamburg: Michael Robionek sichert sein Ticket,https://www.pokerfirma.com/news/road-to-pspc-hamburg-michael-robionek-sichert-sein-ticket/661513
Casino Schenefeld: Deal zu sechst beim „Funky Deepstack“ Turnier,https://www.pokerfirma.com/turniere-deutschland/casino-schenefeld-deal-zu-sechst-beim-funky-deepstack-turnier/661102
Casino Schenefeld: Vier Spieler teilen beim 88 Double Chance am Freitag,https://www.pokerfirma.com/turniere-deutschland/casino-schenefeld-vier-spieler-teilen-beim-88-double-chance-am-freitag/660927
Casino Schenefeld: Dragan S. gewinnt das PLO Turnier am Donnerstag,https://www.pokerfirma.com/turniere-deutschland/casino-schenefeld-dragan-s-gewinnt-das-plo-turnier-am-donnerstag/660855
Road to PSPC Hamburg: Sichert Euch die Tickets!,https://www.pokerfirma.com/news/road-to-pspc-hamburg-sichert-euch-die-tickets/660694
Casino Schenefeld: Yasin T. gewinnt nach einem Deal das „Big Addy PLO“ Turnier,https://www.pokerfirma.com/turniere-deutschland/casino-schenefeld-yasin-t-gewinnt-nach-einem-deal-das-big-addy-plo-turnier/660679
Casino Schenefeld: Cobra und Georgios B. teilen beim Gönn Dir 77 am Montag,https://www.pokerfirma.com/turniere-deutschland/casino-schenefeld-cobra-und-georgios-b-teilen-beim-goenn-dir-77-am-montag/660604
Casino Schenefeld: Deal zu dritt beendet das „Funky Deepstack“ Turnier,https://www.pokerfirma.com/turniere-deutschland/casino-schenefeld-deal-zu-dritt-beendet-das-funky-deepstack-turnier/660275
Casino Schenefeld: Bodinger setzt sich beim „88 Double Chance“ Turnier durch,https://www.pokerfirma.com/turniere-deutschland/casino-schenefeld-bodinger-setzt-sich-beim-88-double-chance-turnier-durch/660203
Casino Schenefeld: Sstr87 setzt sich beim „Big Addy PLO“ Turnier durch,https://www.pokerfirma.com/turniere-deutschland/casino-schenefeld-sstr87-setzt-sich-beim-big-addy-plo-turnier-durch/659963
Casino Schenefeld: Raisefold gewinnt erneut das „gönn dir 77“ Turnier,https://www.pokerfirma.com/turniere-deutschland/casino-schenefeld-raisefold-gewinnt-erneut-das-goenn-dir-77-turnier/659880
Road to PSPC Hamburg – Start der Online Qualifikation,https://www.pokerfirma.com/news/road-to-pspc-hamburg-start-der-online-qualifikation/659744
Casino Schenefeld: WolfOfPoker siegt nach Deal beim Funky Deepstack am Samstag,https://www.pokerfirma.com/turniere-deutschland/casino-schenefeld-wolfofpoker-siegt-nach-deal-beim-funky-deepstack-am-samstag/659670
Casino Schenefeld: 3-Way Deal bringt Jacek D. den Sieg beim Double Chance am Freitag,https://www.pokerfirma.com/turniere-deutschland/casino-schenefeld-3-way-deal-bringt-jacek-d-den-sieg-beim-double-chance-am-freitag/659610
Casino Schenefeld: 3-Way Deal beim Big Addy PLO Turnier am Dienstag,https://www.pokerfirma.com/turniere-deutschland/casino-schenefeld-3-way-deal-beim-big-addy-plo-turnier-am-dienstag/659597
Casino Schenefeld: Raisefold dealt sich zum Sieg beim „gönn dir 77“ Turnier,https://www.pokerfirma.com/turniere-deutschland/casino-schenefeld-raisefold-dealt-sich-zum-sieg-beim-goenn-dir-77-turnier/659233
Road to PSPC Hamburg – Schnappt Euch den Platinum Pass im Casino Schenefeld!,https://www.pokerfirma.com/news/road-to-pspc-hamburg-schnappt-euch-den-platinum-pass-im-casino-schenefeld/659216
Casino Schenefeld: Heads-Up Deal beim „Big Addy“ am Sonntag,https://www.pokerfirma.com/turniere-deutschland/casino-schenefeld-heads-up-deal-beim-big-addy-am-sonntag/659121
Casino Schenefeld: Jan M. dealt sich zum Sieg  beim „Funky Deepstack“ Turnier,https://www.pokerfirma.com/turniere-deutschland/casino-schenefeld-jan-m-dealt-sich-zum-sieg-beim-funky-deepstack-turnier/659074
Casino Schenefeld: Das „88 Double Chance“ Turnier geht an Oliver K.,https://www.pokerfirma.com/turniere-deutschland/casino-schenefeld-das-88-double-chance-turnier-geht-an-oliver-k/659021
Casino Schenefeld: 4-Way Deal beim PLO Turnier am Donnerstag,https://www.pokerfirma.com/turniere-deutschland/casino-schenefeld-4-way-deal-beim-plo-turnier-am-donnerstag/658907
Casino Schenefeld: Scareface holt das Hochgepokert Masters Main Event,https://www.pokerfirma.com/news/casino-schenefeld-scareface-holt-das-hochgepokert-masters-main-event/658490
Casino Schenefeld: Scareface führt im Finale der Hochgepokert Masters,https://www.pokerfirma.com/news/casino-schenefeld-scareface-fuehrt-im-finale-der-hochgepokert-masters/658403
Casino Schenefeld: Medet K. übernimmt die Führung bei den Hochgepokert Masters,https://www.pokerfirma.com/news/casino-schenefeld-medet-k-uebernimmt-die-fuehrung-bei-den-hochgepokert-masters/658330
Casino Schenefeld: Starker Auftakt auch beim Hochgepokert Masters Main Event,https://www.pokerfirma.com/news/casino-schenefeld-starker-auftakt-auch-beim-hochgepokert-masters-main-event/658235
Casino Schenefeld: Clemens Michaelis holt das PLO Event der Hochgepokert Masters,https://www.pokerfirma.com/news/casino-schenefeld-clemens-michaelis-holt-das-plo-event-der-hochgepokert-masters/658148
Casino Schenefeld: Fetter Pot beim PLO Event der Hochgepokert Masters,https://www.pokerfirma.com/news/casino-schenefeld-fetter-pot-beim-plo-event-der-hochgepokert-masters/658055
Casino Schenefeld lädt zu den Hochgepokert Masters,https://www.pokerfirma.com/news/casino-schenefeld-laedt-zu-den-hochgepokert-masters/657964
Casino Schenefeld: Görkem G. siegt nach Deal beim „Funky Deepstack“ Turnier,https://www.pokerfirma.com/turniere-deutschland/casino-schenefeld-heads-up-deal-beendet-funky-deepstack-am-samstag-2/657650
Casino Schenefeld: Andre S. gewinnt das 88 Double Chance Turnier,https://www.pokerfirma.com/turniere-deutschland/casino-schenefeld-andre-s-gewinnt-das-88-double-chance-turnier/657333
Casino Schenefeld: Das PLO Turnier am Donnerstag geht an Jan W,https://www.pokerfirma.com/turniere-deutschland/casino-schenefeld-das-plo-turnier-am-donnerstag-geht-an-jan-w/657033
Casino Schenefeld: Besa212 entscheidet das „Big Addy“ Turnier für sich,https://www.pokerfirma.com/turniere-deutschland/casino-schenefeld-besa212-entscheidet-das-big-addy-turnier-fuer-sich/656492
Casino Schenefeld: Mit einem Deal zu fünft siegt Jorky,https://www.pokerfirma.com/turniere-deutschland/casino-schenefeld-mit-einem-deal-zu-fuenft-siegt-jorky/656236
Casino Schenefeld: 4 Tickets für die HGM am Sonntag ausgespielt,https://www.pokerfirma.com/turniere-deutschland/casino-schenefeld-4-tickets-fuer-die-hgm-am-sonntag-ausgespielt/655598
Casino Schenefeld: Heads-up Deal beendet Funky Deepstack am Samstag,https://www.pokerfirma.com/turniere-deutschland/casino-schenefeld-heads-up-deal-beendet-funky-deepstack-am-samstag/655183
Casino Schenefeld: Andreas P. gewinnt das 88 Double Chance,https://www.pokerfirma.com/turniere-deutschland/casino-schenefeld-andreas-p-gewinnt-das-88-double-chance/654681
Casino Schenefeld: Raisefold entschied das PLO Turnier für sich,https://www.pokerfirma.com/turniere-deutschland/casino-schenefeld-raisefold-entschied-das-plo-turnier-fuer-sich/654294
Casino Schenefeld: 3-Way Deal beim „Big Addy“,https://www.pokerfirma.com/turniere-deutschland/casino-schenefeld-3-way-deal-beim-big-addy/653854
Casino Schenefeld: Jan G. gewinnt das „Gönn Dir 77“ Turnier,https://www.pokerfirma.com/turniere-deutschland/casino-schenefeld-jan-g-gewinnt-das-goenn-dir-77-turnier/653783
Casino Schenefeld: 6 Tickets für die HGM ausgespielt,https://www.pokerfirma.com/turniere-deutschland/casino-schenefeld-6-tickets-fuer-die-hgm-ausgespielt-2/653639
Casino Schenefeld: 4-Way-Deal beendet Funky Deepstack am Samstag,https://www.pokerfirma.com/turniere-deutschland/casino-schenefeld-4-way-deal-beendet-funky-deepstack-am-samstag/653551
Casino Schenefeld: 3-Way Deal beendet das Double Chance am Freitag,https://www.pokerfirma.com/turniere-deutschland/casino-schenefeld-3-way-deal-beendet-das-double-chance-am-freitag-5/653485
Casino Schenefeld: Michael H. setzt sich beim PLO Turnier durch,https://www.pokerfirma.com/turniere-deutschland/casino-schenefeld-michael-h-setzt-sich-beim-plo-turnier-durch/653373
Casino Schenefeld: Heads-Up Deal beim “ Gönn Dir 77″,https://www.pokerfirma.com/turniere-deutschland/casino-schenefeld-heads-up-deal-beim-goenn-dir-77/653370
Casino Schenefeld: Neuer Turnierplan mit dem Big Addy PLO,https://www.pokerfirma.com/news/casino-schenefeld-neuer-turnierplan-mit-dem-big-addy-plo/658681
Casino Schenefeld: 5 Tickets für die HGM ausgespielt,https://www.pokerfirma.com/turniere-deutschland/casino-schenefeld-5-tickets-fuer-die-hgm-ausgespielt/653056
Casino Schenefeld: 3-Way Deal beim Funky Deepstack Turnier,https://www.pokerfirma.com/turniere-deutschland/casino-schenefeld-3-way-deal-beim-funky-deepstack-turnier/653051
Casino Schenefeld: Amir P. und Dony teilen im Heads-Up,https://www.pokerfirma.com/turniere-deutschland/casino-schenefeld-amir-p-und-dony-teilen-im-heads-up/652907
Casino Schenefeld: Joe teilt beim Jahresfinale,https://www.pokerfirma.com/news/casino-schenefeld-joe-teilt-beim-jahresfinale/652799
Casino Schenefeld: 5-Way-Deal entscheidet Gönn Dir 77 am Montag,https://www.pokerfirma.com/turniere-deutschland/casino-schenefeld-5-way-deal-entscheidet-goenn-dir-77-am-montag/652669
Casino Schenefeld: 6 Tickets für die HGM ausgespielt,https://www.pokerfirma.com/turniere-deutschland/casino-schenefeld-6-tickets-fuer-die-hgm-ausgespielt/652542
Casino Schenefeld: „Sonetschko“ und „Doscher“ teilen beim Funky Deepstack am Samstag,https://www.pokerfirma.com/turniere-deutschland/casino-schenefeld-sonetschko-und-doscher-teilen-beim-funky-deepstack-am-samstag/652368
Casino Schenefeld: Joe gewinnt nach einem 4-Way Deal,https://www.pokerfirma.com/turniere-deutschland/casino-schenefeld-joe-gewinnt-nach-einem-4-way-deal/652115
Casino Schenefeld: Mit einem Deal zu dritt endet das PLO Turnier,https://www.pokerfirma.com/turniere-deutschland/casino-schenefeld-mit-einem-deal-zu-dritt-endet-das-plo-turnier/651837
Casino Schenefeld: Deal zu sechst beendet das BIG Addy Turnier,https://www.pokerfirma.com/turniere-deutschland/casino-schenefeld-deal-zu-sechst-beendet-das-big-addy-turnier/651540
Casino Schenefeld: 6-Way-Deal entscheidet Gönn Dir 77 am Montag,https://www.pokerfirma.com/turniere-deutschland/casino-schenefeld-6-way-deal-entscheidet-goenn-dir-77-am-montag/651451
Casino Schenefeld: 4 Tickets für die HGM ausgespielt,https://www.pokerfirma.com/turniere-deutschland/casino-schenefeld-4-tickets-fuer-die-hgm-ausgespielt/651304
Casino Schenefeld: 5-Way-Deal beendet Funky Deepstack am Samstag,https://www.pokerfirma.com/turniere-deutschland/casino-schenefeld-5-way-deal-beendet-funky-deepstack-am-samstag/651267
Casino Schenefeld: Starkes Feld beim 88 Double Chance,https://www.pokerfirma.com/turniere-deutschland/casino-schenefeld-starkes-feld-beim-88-double-chance/651202
Casino Schenefeld: PLO Action am Donnerstag mit 26 Teilnehmern,https://www.pokerfirma.com/turniere-deutschland/casino-schenefeld-plo-action-am-donnerstag-mit-26-teilnehmern/651024
Casino Schenelfeld: 5 Spieler gewinnen ein €550 Ticket für die Hochgepokert Masters im Januar,https://www.pokerfirma.com/turniere-deutschland/casino-schenelfeld-5-spieler-gewinnen-ein-e550-ticket-fuer-die-hochgepokert-masters-im-januar/650567
Casino Schenefeld: Muharram B. gewinnt das 88 Double Chance,https://www.pokerfirma.com/turniere-deutschland/casino-schenefeld-muharram-b-gewinnt-das-88-double-chance/649851
Casino Schenefeld: Doscher gewinnt das plo Turnier am Donnerstag,https://www.pokerfirma.com/turniere-deutschland/casino-schenefeld-doscher-gewinnt-das-plo-turnier-am-donnerstag/649782
Casino Schenefeld: Valentino S. schnappt sich das Big Addy,https://www.pokerfirma.com/turniere-deutschland/casino-schenefeld-valentino-s-schnappt-sich-das-big-addy/649519
Nordic Poker Festival: Deal entscheidet das Abschlussturbo,https://www.pokerfirma.com/news/nordic-poker-festival-deal-entscheidet-das-abschlussturbo/648364
Nordic Poker Festival: Christian S holt das High Roller Event,https://www.pokerfirma.com/news/nordic-poker-festival-christian-s-holt-das-high-roller-event/648330
Nordic Poker Festival: Die Dänen dominieren – Lars Benedicht H gewinnt das Main Event,https://www.pokerfirma.com/news/nordic-poker-festival-die-daenen-dominieren-lars-benedicht-h-gewinnt-das-main-event/648311
Nordic Poker Festival: Lauchzwiebel holt die Führung beim High Roller Event,https://www.pokerfirma.com/news/nordic-poker-festival-lauchzwiebel-holt-die-fuehrung-beim-high-roller-event/648058
Nordic Poker Festival: Anders A. führt im Finale beim Main Event,https://www.pokerfirma.com/news/nordic-poker-festival-anders-a-fuehrt-im-finale-beim-main-event/648026
Nordic Poker Festival: Advokat holt den dritten Flight beim Main Event,https://www.pokerfirma.com/news/nordic-poker-festival-advokat-holt-den-dritten-flight-beim-main-event/647662
Nordic Poker Festival: Mizuno MX20 holt den zweiten Flight beim Main Event,https://www.pokerfirma.com/news/nordic-poker-festival-mizuno-mx20-holt-den-zweiten-flight-beim-main-event/647432
Nordic Poker Festival: Das Main Event hat begonnen,https://www.pokerfirma.com/news/nordic-poker-festival-das-main-event-hat-begonnen/647161
Nordic Poker Festival: Serkan ist der PLO Champ,https://www.pokerfirma.com/news/nordic-poker-festival-serkan-ist-der-plo-champ/646861
Nordic Poker Festival: Spieleransturm beim PLO Event,https://www.pokerfirma.com/news/nordic-poker-festival-spieleransturm-beim-plo-event/646612
Nordic Poker Festival: HSV-Franky gewinnt das Warm-up,https://www.pokerfirma.com/news/nordic-poker-festival-hsv-franky-gewinnt-das-warm-up/646367
Nordic Poker Festival: Fast € 21.000 warten auf den Sieger des Warm-ups,https://www.pokerfirma.com/news/nordic-poker-festival-fast-e-21-000-warten-auf-den-sieger-des-warm-ups/646061
Nordic Poker Festival: Full House zum Auftakt im Casino Schenefeld,https://www.pokerfirma.com/news/nordic-poker-festival-full-house-zum-auftakt-im-casino-schenefeld/645800
Nordic Poker Festival – Am Freitag geht’s los!,https://www.pokerfirma.com/news/nordic-poker-festival-am-freitag-gehts-los/645428
Erneut 4 Tickets für das Nordic Poker Festival Main Event in Schenefeld ausgespielt,https://www.pokerfirma.com/turniere-deutschland/erneut-4-tickets-fuer-das-nordic-poker-festival-main-event-in-schenefeld-ausgespielt/645178
Wieder 5 Tickets für das Nordic Poker Festival Main Event in Schenefeld ausgespielt,https://www.pokerfirma.com/turniere-deutschland/wieder-5-tickets-fuer-das-nordic-poker-festival-main-event-in-schenefeld-ausgespielt/643652
Nordic Poker Festival Gewinnspiel – Holt Euch ein Satellite Ticket!,https://www.pokerfirma.com/news/nordic-poker-festival-gewinnspiel-holt-euch-ein-satellite-ticket/641967
Erneut 4 Tickets für Nordic Poker Festival Main Event in Schenefeld ausgespielt,https://www.pokerfirma.com/turniere-deutschland/erneut-4-tickets-fuer-nordic-poker-festival-main-event-in-schenefeld-ausgespielt/641687
Weitere 4 Tickets für Nordic Poker Festival Main Event in Schenefeld ausgespielt,https://www.pokerfirma.com/turniere-deutschland/weitere-4-tickets-fuer-nordic-poker-festival-main-event-in-schenefeld-ausgespielt/640809
Nordic Poker Festival – Der Countdown zum Spektakel im Casino Schenefeld läuft,https://www.pokerfirma.com/news/nordic-poker-festival-der-countdown-zum-spektakel-im-casino-schenefeld-laeuft/640755
6 Tickets für Nordic Poker Festival Main Event in Schenefeld ausgespielt,https://www.pokerfirma.com/turniere-deutschland/6-tickets-fuer-nordic-poker-festival-main-event-in-schenefeld-ausgespielt/639839
Casino Schenefeld: Kate89 gewinnt die Monster Poker Tour,https://www.pokerfirma.com/news/casino-schenefeld-kate89-gewinnt-die-monster-poker-tour/639154
Casino Schenefeld: Bruce Lee holt Tag 1B der Monster Poker Tour,https://www.pokerfirma.com/news/casino-schenefeld-bruce-lee-holt-tag-1b-der-monster-poker-tour/639004
Casino Schenefeld: Full House zum Start der Monster Poker Tour,https://www.pokerfirma.com/news/casino-schenefeld-full-house-zum-start-der-monster-poker-tour/638932
Casino Schenefeld: Die Monster Poker Tour kommt wieder,https://www.pokerfirma.com/news/casino-schenefeld-die-monster-poker-tour-kommt-wieder/638693
Schenefeld startet die Nordic Poker Festival Satellites,https://www.pokerfirma.com/news/schenefeld-startet-die-nordic-poker-festival-satellites/637721
Casino Schenefeld: Deal bringt Pit Fricker den Sieg bei der Monster Poker Tour,https://www.pokerfirma.com/news/casino-schenefeld-deal-bringt-pit-fricker-den-sieg-bei-der-monster-poker-tour/635786
Casino Schenefeld: € 15.225 warten auf den Sieger der Monster Poker Tour,https://www.pokerfirma.com/news/casino-schenefeld-e-15-225-warten-auf-den-sieger-der-monster-poker-tour/635661
Casino Schenefeld: Volles Haus zum Start der Monster Poker Tour,https://www.pokerfirma.com/news/casino-schenefeld-volles-haus-zum-start-der-monster-poker-tour/635583
Casino Schenefeld: Noch zwei Mal Monster bis zum Nordic Poker Festival,https://www.pokerfirma.com/news/casino-schenefeld-noch-zwei-mal-monster-bis-zum-nordic-poker-festival/635301
Schenefeld lädt auch 2019 zum Nordic Poker Festival,https://www.pokerfirma.com/news/schenefeld-laedt-auch-2019-zum-nordic-poker-festival/632890
Walid holt die Monster Poker Tour in Schenefeld,https://www.pokerfirma.com/news/walid-holt-die-monster-poker-tour-in-schenefeld/632641
Schenefeld: Erneut ausverkauftes Haus bei der Monster Poker Tour,https://www.pokerfirma.com/news/schenefeld-erneut-ausverkauftes-haus-bei-der-monster-poker-tour/632480
Schenefeld: Ausverkauftes Haus zum Start der Monster Poker Tour,https://www.pokerfirma.com/news/schenefeld-ausverkauftes-haus-zum-start-der-monster-poker-tour/632400
Die Monster kommen wieder nach Schenefeld,https://www.pokerfirma.com/news/die-monster-kommen-wieder-nach-schenefeld/630195
Butter bei die Tische: Deal entscheidet das Bounty Turnier,https://www.pokerfirma.com/news/butter-bei-die-tische-deal-entscheidet-das-bounty-turnier/620614
Ulrich P. holt das Butter bei die Tische – mit Ansage,https://www.pokerfirma.com/news/ulrich-p-holt-das-butter-bei-die-tische-mit-ansage/620581
Butter bei die Tische: Hasan K führt im Finale,https://www.pokerfirma.com/news/butter-bei-die-tische-hasan-k-fuehrt-im-finale/620334
Ulrich P übernimmt beim Butter bei die Tische Main Event im Casino Schenefeld,https://www.pokerfirma.com/news/ulrich-p-uebernimmt-beim-butter-bei-die-tische-main-event-im-casino-schenefeld/620074
XYZ führt zum Start beim Butter bei die Tische Main Event im Casino Schenefeld,https://www.pokerfirma.com/news/xyz-fuehrt-zum-start-beim-butter-bei-die-tische-main-event-im-casino-schenefeld/619841
Butter bei die Tische: Hamburg holt das PLO Event,https://www.pokerfirma.com/news/butter-bei-die-tische-hamburg-holt-das-plo-event/619627
Butter bei die Tische: Fetter Preispool beim PLO Auftakt in Schenefeld,https://www.pokerfirma.com/news/butter-bei-die-tische-fetter-preispool-beim-plo-auftakt-in-schenefeld/619563
Casino Schenefeld: 10 Tickets beim „Butter bei die Tische“ Satellite ausgespielt,https://www.pokerfirma.com/turniere-deutschland/casino-schenefeld-10-tickets-beim-butter-bei-die-tische-satellite-ausgespielt/619377
Casino Schenefeld: Satellite-Start beim „Butter bei die Tische“,https://www.pokerfirma.com/news/casino-schenefeld-satellite-start-beim-butter-bei-die-tische/619207
Deal zu viert entscheidet das SH100 in Kiel,https://www.pokerfirma.com/news/deal-zu-viert-entscheidet-das-sh100-in-kiel/618160
SH100: Weitere sieben Finalisten aus Schenefeld,https://www.pokerfirma.com/news/sh100-weitere-sieben-finalisten-aus-schenefeld/617804
SH100: Die ersten zehn Finalisten aus Schenefeld,https://www.pokerfirma.com/news/sh100-die-ersten-zehn-finalisten-aus-schenefeld/617621
Casino Schenefeld lädt wieder zum „Butter bei die Tische“,https://www.pokerfirma.com/news/casino-schenefeld-laedt-wieder-zum-butter-bei-die-tische/617173
Neuauflage des SH100 in den Schleswig-Holstein Casinos,https://www.pokerfirma.com/news/neuauflage-des-sh100-in-den-schleswig-holstein-casinos/617119
Deal beendet die Monster Poker Tour in Schenefeld,https://www.pokerfirma.com/news/deal-beendet-die-monster-poker-tour-in-schenefeld/612770
"Monster Poker Tour: Anders Andersen holt Tag 1B, Enis H führt im Finale",https://www.pokerfirma.com/news/anders-andersen-holt-tag-1b-enis-h-fuehrt-im-finale/612659
Ansturm bei der Monster Poker Tour im Casino Schenefeld,https://www.pokerfirma.com/news/ansturm-bei-der-monster-poker-tour-im-casino-schenefeld/612574
Casino Schenefeld: Die Monster greifen an!,https://www.pokerfirma.com/news/casino-schenefeld-die-monster-greifen-an/612503
"Aachen, Schenefeld oder Hannover – Welches Turnier darf es sein?",https://www.pokerfirma.com/news/aachen-schenefeld-oder-hannover-welches-turnier-darf-es-sein/612139
Die Monster kommen wieder!,https://www.pokerfirma.com/news/die-monster-kommen-wieder/611729
Heads-up Deal entscheidet die Hochgepokert Masters,https://www.pokerfirma.com/news/heads-up-deal-entscheidet-die-hochgepokert-masters/606653
Andrew H. führt im Finale der Hochgepokert Masters,https://www.pokerfirma.com/news/andrew-h-fuehrt-im-finale-der-hochgepokert-masters/606360
Hochgepokert Masters: Bruce Lee kämpft sich an die Spitze,https://www.pokerfirma.com/news/hochgepokert-masters-bruce-lee-kaempft-sich-an-die-spitze/606114
S.Jacobs führt zum Start der Hochgepokert Masters,https://www.pokerfirma.com/news/s-jacobs-fuehrt-zum-start-der-hochgepokert-masters/605831
"Hochgepokert Masters: „Pay for my Audi S5” gewinnt das PLO, 18 Tickets beim Satellite",https://www.pokerfirma.com/news/hochgepokert-masters-pay-for-my-audi-s5-gewinnt-das-plo-18-tickets-beim-satellite/605539
Starker PLO Auftakt bei den Hochgepokert Masters,https://www.pokerfirma.com/news/starker-plo-auftakt-bei-den-hochgepokert-masters/605492
Hochgepokert Masters im Casino Schenefeld,https://www.pokerfirma.com/news/hochgepokert-masters-im-casino-schenefeld-2/605301
Mohammad Q gewinnt zum Abschluss des Nordic Poker Festivals,https://www.pokerfirma.com/news/mohammad-q-gewinnt-zum-abschluss-des-nordic-poker-festivals/598568
Nordic Poker Festival: Hasan K. siegt auch beim 500er Event,https://www.pokerfirma.com/news/nordic-poker-festival-hasan-k-siegt-auch-beim-500er-event/598439
Outlier16 holt das Nordic Poker Festival Main Event,https://www.pokerfirma.com/news/outlier16-holt-das-nordic-poker-festival-main-event/598549
Nordic Poker Festival: Jules mit deutlicher Führung beim 500er Event,https://www.pokerfirma.com/news/nordic-poker-festival-jules-mit-deutlicher-fuehrung-beim-500er-event/598062
Nordic Poker Festival: Andres B. führt im Finale des Main Events,https://www.pokerfirma.com/news/nordic-poker-festival-andres-b-fuehrt-im-finale-des-main-events/598152
Nordic Poker Festival: 3rdBarrelBluff holt den 550er Auftakt,https://www.pokerfirma.com/news/nordic-poker-festival-3rdbarrelbluff-holt-den-550er-auftakt/597490
Nordic Poker Festival: Zockerdima dominiert Flight 1c des Main Events,https://www.pokerfirma.com/news/nordic-poker-festival-zockerdima-dominiert-beim-flight-1c-des-main-event/597326
Nordic Poker Festival: Dragan S. übernimmt die Führung beim Main Event,https://www.pokerfirma.com/news/nordic-poker-festival-dragan-s-uebernimmt-die-fuehrung-beim-main-event/596852
Nordic Poker Festival: Starker Auftakt beim Main Event,https://www.pokerfirma.com/news/nordic-poker-festival-starker-auftakt-beim-main-event/596511
Nordic Poker Festival: Matthias R. siegt nach Heads-up Deal beim High Roller Event,https://www.pokerfirma.com/news/nordic-poker-festival-matthias-r-siegt-nach-heads-up-deal-beim-high-roller-event/596496
Nordic Poker Festival: Noch mal 13 Main Event Tickets ausgespielt,https://www.pokerfirma.com/news/nordic-poker-festival-noch-mal-13-main-event-tickets-ausgespielt/596188
Nordic Poker Festival: Felix A. in Führung beim High Roller Event,https://www.pokerfirma.com/news/nordic-poker-festival-felix-a-in-fuehrung-beim-high-roller-event/596159
Nordic Poker Festival: Sieg für den Hamburger Jung beim PLO,https://www.pokerfirma.com/news/nordic-poker-festival-sieg-fuer-den-hamburger-jung-beim-plo/596113
Nordic Poker Festival: Acht Tickets für das High Roller,https://www.pokerfirma.com/news/nordic-poker-festival-acht-tickets-fuer-das-high-roller/595809
Nordic Poker Festival: Dierk F. führt im PLO Finale,https://www.pokerfirma.com/news/nordic-poker-festival-dierk-f-fuehrt-im-plo-finale/595770
Nordic Poker Festival: 14 Tickets beim ersten  Satellite,https://www.pokerfirma.com/news/nordic-poker-festival-14-tickets-beim-ersten-satellite/595547
Heimsieg durch Hasan K. beim Auftaktevent des Nordic Poker Festival in Schenefeld,https://www.pokerfirma.com/news/heimsieg-durch-hasan-k-beim-auftaktevent-des-nordic-poker-festival-in-schenefeld/595538
Christian I. holt den Tagessieg beim Nordic Poker Festival in Schenefeld,https://www.pokerfirma.com/news/christian-i-holt-den-tagessieg-beim-nordic-poker-festival-in-schenefeld/595286
Volles Haus zum Auftakt beim Nordic Poker Festival in Schenefeld,https://www.pokerfirma.com/news/volles-haus-zum-auftakt-beim-nordic-poker-festival-in-schenefeld/595047
Showdown im Norden – das Nordic Poker Festival beginnt,https://www.pokerfirma.com/news/showdown-im-norden-das-nordic-poker-festival-beginnt/594787
5 Tickets beim Main Event Satellite für das Nordic Poker Festival im Casino Schenefeld ausgespielt,https://www.pokerfirma.com/turniere-deutschland/5-tickets-beim-main-event-satellite-fuer-das-nordic-poker-festival-im-casino-schenefeld-ausgespielt/594583
Nordic Poker Festival – Das Poker Highlight im Norden,https://www.pokerfirma.com/news/nordic-poker-festival-das-poker-highlight-im-norden/593601
Casino Schenefeld: Nächste 6 Tickets fürs Nordic Poker Festival ausgespielt,https://www.pokerfirma.com/turniere-deutschland/casino-schenefeld-naechste-6-tickets-fuers-nordic-poker-festival-ausgespielt/593103
Mit Pokerfirma zum Main Event des Nordic Poker Festival (Gewinnspiel inside),https://www.pokerfirma.com/news/mit-pokerfirma-zum-main-event-des-nordic-poker-festival-gewinnspiel-inside/592859
6 Ticket Gewinner beim Satellite für das Nordic Poker Festival im Casino Schenefeld,https://www.pokerfirma.com/turniere-deutschland/6-ticket-gewinner-beim-satellite-fuer-das-nordic-poker-festival-im-casino-schenefeld/591816
Casino Schenefeld: 5 Tickets für das Nordic Poker Festival ausgespielt,https://www.pokerfirma.com/turniere-deutschland/casino-schenefeld-5-tickets-fuer-das-nordic-poker-festival-ausgespielt/588526
6 Tickets beim Main Event Satellite für das Nordic Poker Festival im Casino Schenefeld ausgespielt,https://www.pokerfirma.com/turniere-deutschland/6-tickets-beim-main-event-satellite-fuer-das-nordic-poker-festival-im-casino-schenefeld-ausgespielt-2/587311
In einem Monat beginnt das Nordic Poker Festival,https://www.pokerfirma.com/news/in-einem-monat-beginnt-das-nordic-poker-festival/587295
6 Tickets beim Main Event Satellite für das Nordic Poker Festival im Casino Schenefeld ausgespielt,https://www.pokerfirma.com/turniere-deutschland/6-tickets-beim-main-event-satellite-fuer-das-nordic-poker-festival-im-casino-schenefeld-ausgespielt/586070
5 Ticket Gewinner beim Satellite für das Nordic Poker Festival im Casino Schenefeld,https://www.pokerfirma.com/turniere-deutschland/5-ticket-gewinner-beim-satellite-fuer-das-nordic-poker-festival-im-casino-schenefeld/584797
Erneut 4 Tickets beim Main Event Satellite für das Nordic Poker Festival im Casino Schenefeld ausgespielt,https://www.pokerfirma.com/turniere-deutschland/erneut-4-tickets-beim-main-event-satellite-fuer-das-nordic-poker-festival-im-casino-schenefeld-ausgespielt/583321
Casino Schenefeld – Das Poker-Nordlicht in Deutschland,https://www.pokerfirma.com/news/casino-schenefeld-das-poker-nordlicht-in-deutschland/583050
4 Tickets beim Satellite-Auftakt für das Nordic Poker Festival im Casino Schenefeld,https://www.pokerfirma.com/turniere-deutschland/4-tickets-beim-satellite-auftakt-fuer-das-nordic-poker-festival-im-casino-schenefeld/582394
Satellite-Auftakt für das Nordic Poker Festival im Casino Schenefeld,https://www.pokerfirma.com/news/satellite-auftakt-fuer-das-nordic-poker-festival-im-casino-schenefeld/582381
Mickey Mouse schnappt sich die Monster Poker Tour in Schenefeld,https://www.pokerfirma.com/news/mickey-mouse-schnappt-sich-die-monster-poker-tour-in-schenefeld/581671
Sam führt im Finale der Monster Pokertour im Casino Schenefeld,https://www.pokerfirma.com/news/sam-fuehrt-im-finale-der-monster-pokertour-im-casino-schenefeld/581558
Volles Haus zum Start der Monster Poker Tour im Casino Schenefeld,https://www.pokerfirma.com/news/volles-haus-zum-start-der-monster-poker-tour-im-casino-schenefeld/581475
Casino Schenefeld präsentiert das Nordic Poker Festival,https://www.pokerfirma.com/news/casino-schenefeld-praesentiert-das-nordic-poker-festival/580543
Die Monster Poker Tour kommt zurück nach Schenefeld,https://www.pokerfirma.com/news/die-monster-poker-tour-kommt-zurueck-nach-schenefeld/580297
Joshua Gebissa schnappt sich die Monster Poker Tour,https://www.pokerfirma.com/news/joshua-gebissa-schnappt-sich-die-monster-poker-tour/572081
Full House Part II bei der Monster Poker Tour im Casino Schenefeld,https://www.pokerfirma.com/news/full-house-part-ii-bei-der-monster-poker-tour-im-casino-schenefeld/571860
Full House zum Start der Monster Poker Tour in Schenefeld,https://www.pokerfirma.com/news/full-house-zum-start-der-monster-poker-tour-in-schenefeld-2/571740
Casino Schenefeld lädt wieder zur Monster Pokertour,https://www.pokerfirma.com/news/casino-schenefeld-laedt-wieder-zur-monster-pokertour/569068
Megasiggi holt das Deaf Stars in Schenefeld,https://www.pokerfirma.com/news/megasiggi-holt-das-deaf-stars-in-schenefeld/565994
Ansturm beim Deaf Star Poker im Casino Schenefeld,https://www.pokerfirma.com/news/ansturm-beim-deaf-star-poker-im-casino-schenefeld/565722
Tobias Berben siegt beim „Butter bei die Tische II“ Bounty Abschluss in Schenefeld,https://www.pokerfirma.com/turniere-deutschland/tobias-berben-siegt-beim-butter-bei-die-tische-ii-bounty-abschluss-in-schenefeld/563113
Dimitri Steinfeuer gewinnt das Butter bei die Tische Main Event,https://www.pokerfirma.com/news/dimitri-steinfeuer-gewinnt-das-butter-bei-die-tische-main-event/563096
Black Baron führt im Finale beim Butter bei die Tische,https://www.pokerfirma.com/news/black-baron-fuehrt-im-finale-beim-butter-bei-die-tische/562827
Manh Nguyen übernimmt beim Butter bei die Tische,https://www.pokerfirma.com/news/manh-nguyen-uebernimmt-beim-butter-bei-die-tische/562426
Butter bei die Tische: Volles Haus zum Auftakt des Main Events,https://www.pokerfirma.com/news/butter-bei-die-tische-volles-haus-zum-auftakt-des-main-events/562193
Butter bei die Tische: Mickey Mouse siegt beim PLO und volles Haus beim Satellite,https://www.pokerfirma.com/news/butter-bei-die-tische-mickey-mouse-siegt-beim-plo-und-volles-haus-beim-satellite/562010
Butter bei die Tische: Viel Action beim PLO Event in Schenefeld,https://www.pokerfirma.com/news/butter-bei-die-tische-viel-action-beim-plo-event-in-schenefeld/561907
11 Tickets beim ersten „Butter bei die Tische II“ Satellite in Schenefeld,https://www.pokerfirma.com/turniere-deutschland/11-tickets-beim-ersten-butter-bei-die-tische-ii-satellite-in-schenefeld/561747
Satellite Start beim „Butter bei die Tische II“,https://www.pokerfirma.com/news/satellite-start-beim-butter-bei-die-tische-ii/561732
SH100 endet mit einem Deal zu viert,https://www.pokerfirma.com/news/sh100-endet-mit-einem-deal-zu-viert/560971
Fünf weitere Finalisten beim SH100,https://www.pokerfirma.com/news/fuenf-weitere-finalisten-beim-sh100/560225
Das diesjährige SH100 ist eröffnet,https://www.pokerfirma.com/news/das-diesjaehrige-sh100-ist-eroeffnet/559977
Start beim SH100,https://www.pokerfirma.com/news/start-beim-sh100/559807
Butter bei die Tische II – Neuauflage im Casino Schenefeld,https://www.pokerfirma.com/news/butter-bei-die-tische-ii-neuauflage-im-casino-schenefeld/559150
Das SH100 kommt zurück,https://www.pokerfirma.com/news/das-sh100-kommt-zurueck/556798
Heads-up Deal bringt Carlos Spoddig den Sieg bei der Monster Poker Tour,https://www.pokerfirma.com/news/heads-up-deal-bringt-carlos-spoddig-den-sieg-bei-der-monster-poker-tour/552446
Mr. X holt die Führung bei der Monster Poker Tour in Schenefeld,https://www.pokerfirma.com/news/mr-x-holt-die-fuehrung-bei-der-monster-poker-tour-in-schenefeld/552294
Erfolgreicher Start in die Monster Poker Tour in Schenefeld,https://www.pokerfirma.com/news/erfolgreicher-start-in-die-monster-poker-tour-in-schenefeld/552258
Monster Poker Tour im Casino Schenefeld,https://www.pokerfirma.com/news/monster-poker-tour-im-casino-schenefeld/551734
"Das Deutschland-Triple – Hamburg, Dortmund und Berlin",https://www.pokerfirma.com/news/das-deutschland-triple-hamburg-dortmund-und-berlin/528355
Hanno Offen ist der SH Meister 2017,https://www.pokerfirma.com/news/hanno-offen-ist-der-sh-meister-2017/521318
Felix holt die Führung bei der SH Meisterschaft,https://www.pokerfirma.com/news/felix-holt-die-fuehrung-bei-der-sh-meisterschaft/520893
Kizi übernimmt bei der SH Meisterschaft,https://www.pokerfirma.com/news/kizi-uebernimmt-bei-der-sh-meisterschaft/520296
Oguz Dilgin ist der erste Chipleader der SH Meisterschaft,https://www.pokerfirma.com/news/oguz-dilgin-ist-der-erste-chipleader-der-sh-meisterschaft/519790
Fish gewinnt den Omaha Titel bei der SH Meisterschaft in Schenefeld,https://www.pokerfirma.com/news/fish-gewinnt-den-omaha-titel-bei-der-sh-meisterschaft-in-schenefeld/519462
Starkes Feld beim Omaha Event der SH Meisterschaft im Casino Schenefeld,https://www.pokerfirma.com/news/starkes-feld-beim-omaha-event-der-sh-meisterschaft-im-casino-schenefeld/519397
11 Tickets beim Satellite der SH Meisterschaft im Casino Schenefeld,https://www.pokerfirma.com/turniere-deutschland/11-tickets-beim-satellite-der-sh-meisterschaft-im-casino-schenefeld/519275
SH Meisterschaft lockt ins Casino Schenefeld,https://www.pokerfirma.com/news/sh-meisterschaft-lockt-ins-casino-schenefeld/519155
Pedram Pirayesh siegt nach Deal bei der Monster Poker Tour in Schenefeld,https://www.pokerfirma.com/news/pedram-pirayesh-siegt-nach-deal-bei-der-monster-poker-tour-in-schenefeld/508590
Andrea S. übernimmt die Führung bei der Monster Poker Tour in Schenefeld,https://www.pokerfirma.com/news/andrea-s-uebernimmt-die-fuehrung-bei-der-monster-poker-tour-in-schenefeld/508347
Full House zum Start der Monster Poker Tour in Schenefeld,https://www.pokerfirma.com/news/full-house-zum-start-der-monster-poker-tour-in-schenefeld/508224
Monster Poker Tour Wochenende in Schenefeld,https://www.pokerfirma.com/news/monster-poker-tour-wochenende-in-schenefeld/508101
Monster Poker Tour in Schenefeld,https://www.pokerfirma.com/news/monster-poker-tour-in-schenefeld/507143
5-Way Deal beendet die Poker-Challenge „Classic“ in der Spielbank Hannover,https://www.pokerfirma.com/news/5-way-deal-beendet-die-poker-challenge-classic-in-der-spielbank-hannover/498416
Ismail S. in Führung bei der Poker-Challenge „Classic“ in der Spielbank Hannover,https://www.pokerfirma.com/news/ismail-s-in-fuehrung-bei-der-poker-challenge-classic-in-der-spielbank-hannover/498296
Kein Full House bei der Poker-Challenge „Classic“ in der Spielbank Hannover,https://www.pokerfirma.com/news/kein-full-house-bei-der-poker-challenge-classic-in-der-spielbank-hannover/498140
Back to the roots bei der Poker-Challenge „Classic“ in der Spielbank Hannover,https://www.pokerfirma.com/news/back-to-the-roots-bei-der-poker-challenge-classic-in-der-spielbank-hannover/497932
Wilhelm Axer siegt nach Deal beim „Butter bei die Tische“ Event im Casino Schenefeld,https://www.pokerfirma.com/news/wilhelm-axer-siegt-nach-deal-beim-butter-bei-die-tische-event-im-casino-schenefeld/497528
Andre Haneberg führt im Finale beim „Butter bei die Tische“ Event im Casino Schenefeld,https://www.pokerfirma.com/news/andre-haneberg-fuehrt-im-finale-beim-butter-bei-die-tische-event-im-casino-schenefeld/497137
Abu Hassan holt Tag 1B beim „Butter bei die Tische“ Event im Casino Schenefeld,https://www.pokerfirma.com/news/abu-hassan-holt-tag-1b-beim-butter-bei-die-tische-event-im-casino-schenefeld/496724
D.S. holt den Auftakt beim „Butter bei die Tische“ im Casino Schenefeld,https://www.pokerfirma.com/news/dimitri-steinfeuer-holt-den-auftakt-beim-butter-bei-die-tische-im-casino-schenefeld/496335
Heute heißt es „Butter bei die Tische“ im Casino Schenefeld,https://www.pokerfirma.com/news/heute-heisst-es-butter-bei-die-tische-im-casino-schenefeld/496074
Sieg für Cam beim „Butter bei die Tische“ PLO Event im Casino Schenefeld,https://www.pokerfirma.com/news/sieg-fuer-cam-beim-butter-bei-die-tische-plo-event-im-casino-schenefeld/495902
Morgen heißt es „Butter bei die Tische“ im Casino Schenefeld,https://www.pokerfirma.com/news/morgen-heisst-es-butter-bei-die-tische-im-casino-schenefeld/495671
„Butter bei die Tische“ – das Poker-Highlight in Schenefeld,https://www.pokerfirma.com/news/butter-bei-die-tische-das-poker-highlight-in-schenefeld/491748
Florian H. siegt nach Massendeal bei der Poker-Challenge Silver in Hannover,https://www.pokerfirma.com/news/florian-h-siegt-nach-massendeal-bei-der-poker-challenge-silver-in-hannover/473381
Erneut volles Haus bei der Poker-Challenge Silver in Hannover,https://www.pokerfirma.com/news/erneut-volles-haus-bei-der-poker-challenge-silver-in-hannover/473196
Starker Auftakt bei der Poker-Challenge Silver in Hannover,https://www.pokerfirma.com/news/starker-auftakt-bei-der-poker-challenge-silver-in-hannover/472992
Spielbank Hannover startet mit der Poker-Challenge Silver ins neue Jahr,https://www.pokerfirma.com/news/spielbank-hannover-startet-mit-der-poker-challenge-silver-ins-neue-jahr/472219
Thomas Kazemieh siegt beim Abschluss Event der Eureka Hamburg,https://www.pokerfirma.com/news/thomas-kazemieh-siegt-beim-abschluss-event-der-eureka-hamburg/450573
Eureka Hamburg: Marco Dittmann siegt nach Heads-up Deal beim Hamburg Cup,https://www.pokerfirma.com/news/eureka-hamburg-marco-dittmann-siegt-nach-heads-up-deal-beim-hamburg-cup/450569
Dinesh Alt holt den Sieg beim Eureka Hamburg Main Event in Schenefeld,https://www.pokerfirma.com/news/dinesh-alt-holt-den-sieg-beim-eureka-hamburg-main-event-in-schenefeld/449947
Marco Freese siegt nach Heads-up Deal beim Monsterstack der Eureka Hamburg,https://www.pokerfirma.com/news/marco-freese-siegt-nach-heads-up-deal-beim-monsterstack-der-eureka-hamburg/449552
Eureka Hamburg: Benoit Kuhn massiver Chipleader beim Hamburg Cup,https://www.pokerfirma.com/news/eureka-hamburg-benoit-kuhn-massiver-chipleader-beim-hamburg-cup/449538
Thomas Schröpfer gewinnt das PLO High Roller der Eureka Hamburg,https://www.pokerfirma.com/news/thomas-schroepfer-gewinnt-das-plo-high-roller-der-eureka-hamburg/449516
Erik Scheidt auf Titelkurs beim Eureka Hamburg Main Event,https://www.pokerfirma.com/news/erik-scheidt-auf-titelkurs-beim-eureka-hamburg-main-event/449157
Eureka Hamburg: Arman Zonobi verteidigt die Führung beim Hamburg Cup,https://www.pokerfirma.com/news/eureka-hamburg-arman-zonobi-verteidigt-die-fuehrung-beim-hamburg-cup/448635
Stark besetztes Feld beim PLO High Roller der Eureka Hamburg,https://www.pokerfirma.com/news/stark-besetztes-feld-beim-plo-highroller-der-eureka-hamburg/448621
PokerStars Pro George Danzer führt beim Eureka Hamburg Main Event,https://www.pokerfirma.com/news/pokerstars-pro-george-danzer-fuehrt-beim-eureka-hamburg-main-event/448336
Eureka Hamburg: Spieleransturm am zweiten Tag beim Hamburg Cup,https://www.pokerfirma.com/news/eureka-hamburg-spieleransturm-am-zweiten-tag-beim-hamburg-cup/447828
Wiederholung der Tom Holke Show beim Eureka Hamburg Main Event,https://www.pokerfirma.com/news/wiederholung-der-tom-holke-show-beim-eureka-hamburg-main-event/447623
Eureka Hamburg: Marco Wodrich führt beim Hamburg Cup,https://www.pokerfirma.com/news/eureka-hamburg-marco-wodrich-fuehrt-beim-hamburg-cup/446803
Eureka Hamburg: Enrico Bonke gewinnt das NLH Turbo,https://www.pokerfirma.com/news/eureka-hamburg-enrico-bonke-gewinnt-das-nlh-turbo/446598
George Danzer holt Tag 1B beim Eureka Hamburg Main Event,https://www.pokerfirma.com/news/george-danzer-holt-tag-1b-beim-eureka-hamburg-main-event/446577
Eureka Hamburg: PokerStars Pro George Danzer gewinnt das High Roller Event,https://www.pokerfirma.com/news/eureka-hamburg-pokerstars-pro-george-danzer-gewinnt-das-high-roller-event/445909
Jan von Halle führt beim Eureka Hamburg Main Event,https://www.pokerfirma.com/news/jan-von-halle-fuehrt-beim-eureka-hamburg-main-event/445853
Eureka Hamburg: Sascha Niese führt beim High Roller Event,https://www.pokerfirma.com/news/eureka-hamburg-sascha-niese-fuehrt-beim-high-roller-event/445140
Eureka Hamburg: Vallo Maidla gewinnt das kleine PLO,https://www.pokerfirma.com/news/eureka-hamburg-vallo-maidla-gewinnt-das-kleine-plo/445038
Freeroll Sieg für Marc N. bei der Poker Challenge Silver in Hannover,https://www.pokerfirma.com/news/freeroll-sieg-fuer-marc-n-bei-der-poker-challenge-silver-in-hannover/438859
Tobias G. führt bei der Poker Challenge Silver in der Spielbank Hannover,https://www.pokerfirma.com/news/tobias-g-fuehrt-bei-der-poker-challenge-silver-in-der-spielbank-hannover/438656
Die Spielbank Hannover startet eine weitere Poker Challenge Silver,https://www.pokerfirma.com/news/die-spielbank-hannover-startet-eine-weitere-poker-challenge-silver/437628
Bastian S. siegt nach 3-Way Deal bei der Poker Challenge Silver in der Spielbank Hannover,https://www.pokerfirma.com/news/bastian-s-siegt-nach-3-way-deal-bei-der-poker-challenge-silver-in-der-spielbank-hannover/417052
Die Spielbank Hannover lädt zur nächsten Poker Challenge Silver,https://www.pokerfirma.com/news/die-spielbank-hannover-laedt-zur-naechsten-poker-challenge-silver/413957
Florian Ha. siegt nach 3-Way Deal bei der Challenge Silver+ in der Spielbank Hannover,https://www.pokerfirma.com/news/florian-ha-siegt-nach-3-way-deal-bei-der-challenge-silver-in-der-spielbank-hannover/403129
Amged A. führt im Finale der Poker Challenge Silver+ in der Spielbank Hannover,https://www.pokerfirma.com/news/amged-a-fuehrt-im-finale-der-poker-challenge-silver-in-der-spielbank-hannover/402507
Kein Overlay bei der Poker Challenge Silver+ in der Spielbank Hannover,https://www.pokerfirma.com/news/kein-overlay-bei-der-poker-challenge-silver-in-der-spielbank-hannover/402269
Premiere bei Poker Challenge Silver mit garantiertem Preispool in der Spielbank Hannover,https://www.pokerfirma.com/news/premiere-bei-poker-challenge-silver-mit-garantiertem-preispool-in-der-spielbank-hannover/400390
4-Way Deal entscheidet die Poker Challenge „Silver“ in der Spielbank Hannover,https://www.pokerfirma.com/news/4-way-deal-entscheidet-die-poker-challenge-silver-in-der-spielbank-hannover/383413
Casino Schenefeld startet mit Monstertour und Schenefeld goes Vegas ins neue Eventjahr 2016,https://www.pokerfirma.com/news/casino-schenefeld-startet-mit-monstertour-und-schenefeld-goes-vegas-ins-neue-eventjahr-2016/381905
Hannover lädt zur Poker Challenge „Silver“,https://www.pokerfirma.com/news/hannover-laedt-zur-poker-challenge-silver/381501
Fabian Petersen siegt beim Abschlussevent der SH-Meisterschaften,https://www.pokerfirma.com/news/fabian-petersen-siegt-beim-abschlussevent-der-sh-meisterschaften/370335
Harald Sonnenberg gewinnt die SH-Meisterschaften im Casino Schenefeld,https://www.pokerfirma.com/news/harald-sonnenberg-gewinnt-die-sh-meisterschaften-im-casino-schenefeld/370322
Christos Makariou führt im Finale der SH-Meisterschaften im Casino Schenefeld,https://www.pokerfirma.com/news/christos-makariou-fuehrt-im-finale-der-sh-meisterschaften-im-casino-schenefeld/369976
SH Meisterschaft: Kersebom holt den Turbo Heat,https://www.pokerfirma.com/news/sh-meisterschaft-kersebom-holt-den-turbo-heat/369653
Mandrake ganz oben an Tag 1C bei der SH-Meisterschaft in Schenefeld,https://www.pokerfirma.com/news/mandrake-ganz-oben-an-tag-1c-bei-der-sh-meisterschaft-in-schenefeld/369452
