Full Name,Winnings
Patrick Lorenz,3954
Nadine Rohde,3954
Andreas Smirnow,3954
Witt,3953
Marc Backenecker,1730
Maximo Hartwig,1350
Andreas Klemm,1130
Matthias Gutenkunst,940
Dirk Benz,820
Dennis Stemmler,710
Alan Koops,710
Nicole,620
Laurence Zgonjamin,620
Yashar Kahvand,540
Scheldorf,540
Monir Marie,470
Alexander Keller,470
Stefan Wolfschütz,410
Stevo Marjanovic,410
Hans Woyrsch,410
Maximilian Schweppe,350
Daniel Rathje,350
Norbert Strominski,350
Thomas Pforte,310
Björn Brandes,310
Christian Stoboy,310
Lorenzen,310
Amir Peles,270
Niklas Baasch,270
Malte Ewers,270
Niklas Petermann,270
,45510
Felix Schneiders PokerStars Team Pro,43510
Floris,24930
Frederik Thiemer,19180
Vitalii Peiko,14750
Thorben Vellrath,11350
Modar Alsoud,9080
Kent Roed,7260
Yun Ho Choi,6050
Hendrikx,5040
Maik Jakobs,5040
Nicola Karl,4200
Jonas Klaus,4200
Phong Pham,3500
Friedrich,3500
Khossein Kokhestani,110070
Nicklas Dehli,68750
Stan Van Dijk,49110
Simone Demasi,37780
Sergej Schuhmacher,29060
Jonas Stechbarth,22350
Werner,17190
Timo Schmiedeke,13230
Rens Buijs,10610
Ercan Atmaca,8840
Timo Scarcella,8840
Wettern,7370
Dustin Barkholtz,7370
Dirk Sellhorn,6140
Sandor Ambrus,6140
Branko Samardzic,5340
Yves Thalman,5340
Andre Hegendorf,4640
Philipp Ruthard PokerStars Qualifier,4640
Halis Bozkurt,4640
Helge Pedersen,4040
Walter Beckmann,4040
Malte Von Ostrowski,4040
Robert Rohr,3510
Tommy Eriksson,3510
Baris Topuz,3510
Bloch,3510
Mehmet Aladag,3060
Lars Vogel,3060
Marcin Puczylowski,3060
Julian Paulsen,3060
Heiko Fiehn Silver Pass Winner,2660
Arman Zonobi,2660
Ermanno Di Nicola,2660
Yannick Bräuer PokerStars Qualifier,2660
Gregory Kehren,2660
Armin Seyfi,2660
Marcel Kruger,2660
Andrzej Powalka,2660
Nicola Karl,2310
Mengshi Tian,2310
Axel Junker,2310
Stefan Teckenburg,2310
Boris Progner PokerStars Qualifier,2310
Atush Esker,2310
Piotr Zapolski,2310
Dirk Hardt,2310
Martin Qvist,2310
Jonas Heuser,2310
Jonathan Christensen PokerStars Qualifier,2310
Jonas Degen PokerStars Qualifier,2310
Sven Stok,2310
Jonas Wendel,2310
Farukh Tach,2310
Bernd Reich,2310
Gato Lafrentz PokerStars Qualifier,2010
Hasan Kilinc,2010
Monir Marie,2010
Mike Schmidt Silver Pass Winner,2010
Ozgur Anar,2010
Yilmaz Tokmak,2010
Simon Keating PokerStars Qualifier,2010
Alfred Tellenbach,2010
Patrick Fretzert,2010
Robert Gill PokerStars Qualifier,2010
Mohammed Nuri,2010
Dario Sorrenti,2010
Marijus Dirgela,2010
Johannes Franz,2010
Hans Woyrsch,2010
Mats Ullereng,2010
Nadir Arslan,1750
Julien Mirainski,1750
Mick Wittig Silver Pass Winner,1750
Jonas Klaus,1750
Cheng Zhao,1750
Lach,1750
Florian Balhorn PokerStars Qualifier,1750
Dominick French,1750
Sven Reiter,1750
Dirk Stange,1750
Eric Fischer,1750
Patrick Lorenz,1750
Christian Reimer,1750
Eazy,1750
Tommy Nguyen,1750
Florian Bach,1750
,54120
,34900
,24930
,19180
,14750
,11350
,9080
,7260
,6050
,5040
,5040
,4200
,4200
,3500
,3500
,110070
,68750
,49110
,37780
,29060
,22350
,17190
,13230
,10610
,8840
,8840
,7370
,7370
,6140
,6140
,5340
,5340
,4640
,4640
Halis Bozkurt,4640
Helge Pedersen,4040
Walter Beckmann,4040
Malte Von Ostrowski,4040
Robert Rohr,3510
Tommy Eriksson,3510
Baris Topuz,3510
Bloch,3510
Mehmet Aladag,3060
Lars Vogel,3060
Marcin Pucylowski,3060
Julian Paulsen,3060
Heiko Fiehn Silver Pass Winner,2660
Arman Zanobi,2660
Ermanno Di Nicola,2660
Yannick Bräuer PokerStars Qualifier,2660
Gregory Kehren,2660
Armin Seyfi,2660
Marcel Krüger,2660
Andrzej Powalka,2660
Nicola Karl,2310
Mengshi Tian,2310
Axel Junker,2310
Stefan Teckenburg,2310
Boris Progner,2310
Atush Esker,2310
Piotr Zapolski,2310
Dirk Hardt,2310
Martin Qvist,2310
Jonas Heuser,2310
Jonathan Christensen PokerStars Qualifier,2310
Jonas Degen PokerStars Qualifier,2310
Sven Stok,2310
Jonas Wendel,2310
Faruk Tach,2310
Bernd Reich,2310
Gato Lafrentz PokerStars Qualifier,2010
Hasan Kilinc,2010
Monir Marie,2010
Mike Schmidt Silver Pass Winner,2010
Ozgur Anar,2010
Yilmaz Tokmak,2010
Simon Keating PokerStars Qualifier,2010
Alfred Tellenbach,2010
Patrick Fretzert,2010
Robert Gill PokerStars Qualifier,2010
Mohammed Nuri,2010
Dario Sorrenti,2010
Marijus Dirgela,2010
Johannes Franz,2010
Hans Woyrsch,2010
Mats Ullereng,2010
Nadir Arslan,1750
Julien Mirainski,1750
Mick Wittig Silver Pass Winner,1750
Jonas Klaus,1750
Cheng Zhao,1750
Lach,1750
Florian Balhorn PokerStars Qualifier,1750
Dominick French,1750
Sven Reiter,1750
Dirk Stange,1750
Eric Fischer,1750
Patrick Lorenz,1750
Christian Reimer,1750
Eazy,1750
Tommy Nguyen,1750
Florian Bach,1750
MARTIN SALIH,21710
JAN BLOCH,25200
GEORGII TVALIASHVILI,19910
JEROME GÜLS,11100
BORIS STREJC,8350
JAKOB SCHILK,6350
CALVIN ERDMANN,5015
WOUTER HORDIJK,3900
RIZKALLAH KOCHEICHE,3180
NEBOJSA MUSULIN,2650
YASHAR KAHVAND,2650
SIMON WAACK,2200
MARK THIES,2200
MATHIAS WAGEMEYER,1840
OSMAN KAYA,1840
RAMAZAN KIZILTAS,1600
NILS JASCHINSKI,1600
PEDRAM KHODAÜARAST,1390
CHRISTIAN DIERKS,1390
SEBASTIAN MIKKAT,1390
HELGE PEDERSEN,1200
KLAUS SUHR,1200
HERRY LIAN,1200
DENNIS STEMMLER,1050
FLORIAN ZÜHLKE,1050
MARCO FREESE,1050
ÖMER YOZGAT,1050
,920
ZECHARIAH MONTOYA,920
MICK WITTIG,920
JOACHIM HESELMEYER,920
YAIR GRABLY,800
RENE RITTER,800
THOMAS MERTEN,800
MAXIM KOGAN,800
HENDRIK KWIATKOWSKI,800
CHRISTAKI TSEKO,800
STEVO MARJANOVIC,800
JOHANNES SCHWEGER,800
CHRISTIAN DEL CARPIO GARRIDO,700
PHILIPP BAHNER,700
ARWIN ABBASPOUR,700
CARLOS ALMENDROS,700
HEIKO FIEHN,700
MORVARID HARTMANN,700
HAUKE KNUTZEN,700
MARCO DITTMANN,700
UWE LORENZEN,700
,700
STEFAN THEWES,700
JONATHAN WENDLANDT,700
IGOR KINTLER,700
TARIK HUSSEIN,700
HANS DIRK GITTERMANN,700
DANIEL SCHAEFER,700
PIERRE KAUERT,600
DOMINIC KRATTIGER,600
NIKLAS SCHMIDT,600
JULIAN VERONESE,600
ARMUT ÖRSAN,600
MAXIMILIAN WEBER,600
ADRIAN FARON,600
PAUL STEADMAN,600
HENDRIK REMER,600
STEFAN MAAK,600
HEINRICH SCHREINER,600
CHRISTINA BLANK,600
MARTIN WEDE,600
OGUZ DILGIN,600
IGOR POSNJAKOW,600
THOMAS BOHN,600
ONUR ALTUNEL,530
MANFRED KÖHLER,530
PATRICK FRETZERT,530
FLORIAN BALHORN,530
FLORIAN BACH,530
THORE BÖDEFELD,530
LARS SIMON,530
NEJAT GÜLER,530
MIROSLAV MALIC,530
PETRICK SIRAIT,530
TIM BETHKE,530
FALKO ERDMANN,530
MARTIN FELIX SCHNEIDERS,530
NIELS MICHAEL BERG,530
JURE JEPSEN,530
ISMAIL KALKAN,530
FRANK NEUMANN,530
KEVIN VOSS,530
MALTE ZIMMERMANN,530
FERRY VAFA,530
ANNE HANSEN,530
,32500
,20200
,14120
,11100
,8350
,6350
,5015
,3900
,3180
,2650
,2650
,2200
,2200
,1840
,1840
,1600
,1600
,1390
,1390
,1390
,1200
,1200
,1200
,1050
,1050
,1050
,1050
,920
,920
,920
,920
,800
,800
,800
,800
,800
,800
,800
,800
,700
,700
,700
,700
,700
,700
,700
,700
,700
,700
,700
,700
,700
,700
,700
,700
,600
,600
,600
,600
,600
,600
,600
,600
,600
,600
,600
,600
,600
,600
,600
,600
,530
,530
,530
,530
,530
,530
,530
,530
,530
,530
,530
,530
,530
,530
,530
,530
,530
,530
,530
,530
,530
01. Jul,330
02. Jul,330
03. Jul,330
03. Jul,1100
04. Jul,1100
05. Jul,1100
06. Jul,1100
06. Jul,2200
07. Jul,1100
07. Jul,2200
07. Jul,170
YasharK.,1420
,1040
AndreeE.,660
AdrianB.,500
IlianM.,390
HoumanN.,300
VOLKER PUTT,240
ArwinA.,100
MoritzG.,100
Patrick Lorenz,3954
Nadine Rohde,3954
Andreas Smirnow,3954
Witt,3953
Marc Backenecker,1730
Maximo Hartwig,1350
Andreas Klemm,1130
Matthias Gutenkunst,940
Dirk Benz,820
Dennis Stemmler,710
Alan Koops,710
Nicole,620
Laurence Zgonjamin,620
Yashar Kahvand,540
Scheldorf,540
Monir Marie,470
Alexander Keller,470
Stefan Wolfschütz,410
Stevo Marjanovic,410
Hans Woyrsch,410
Maximilian Schweppe,350
Daniel Rathje,350
Norbert Strominski,350
Thomas Pforte,310
Björn Brandes,310
Christian Stoboy,310
Lorenzen,310
Amir Peles,270
Niklas Baasch,270
Malte Ewers,270
Niklas Petermann,270
,45510
Felix Schneiders PokerStars Team Pro,43510
Floris,24930
Frederik Thiemer,19180
Vitalii Peiko,14750
Thorben Vellrath,11350
Modar Alsoud,9080
Kent Roed,7260
Yun Ho Choi,6050
Hendrikx,5040
Maik Jakobs,5040
Nicola Karl,4200
Jonas Klaus,4200
Phong Pham,3500
Friedrich,3500
Khossein Kokhestani,110070
Nicklas Dehli,68750
Stan Van Dijk,49110
Simone Demasi,37780
Sergej Schuhmacher,29060
Jonas Stechbarth,22350
Werner,17190
Timo Schmiedeke,13230
Rens Buijs,10610
Ercan Atmaca,8840
Timo Scarcella,8840
Wettern,7370
Dustin Barkholtz,7370
Dirk Sellhorn,6140
Sandor Ambrus,6140
Branko Samardzic,5340
Yves Thalman,5340
Andre Hegendorf,4640
Philipp Ruthard PokerStars Qualifier,4640
Halis Bozkurt,4640
Helge Pedersen,4040
Walter Beckmann,4040
Malte Von Ostrowski,4040
Robert Rohr,3510
Tommy Eriksson,3510
Baris Topuz,3510
Bloch,3510
Mehmet Aladag,3060
Lars Vogel,3060
Marcin Puczylowski,3060
Julian Paulsen,3060
Heiko Fiehn Silver Pass Winner,2660
Arman Zonobi,2660
Ermanno Di Nicola,2660
Yannick Bräuer PokerStars Qualifier,2660
Gregory Kehren,2660
Armin Seyfi,2660
Marcel Kruger,2660
Andrzej Powalka,2660
Nicola Karl,2310
Mengshi Tian,2310
Axel Junker,2310
Stefan Teckenburg,2310
Boris Progner PokerStars Qualifier,2310
Atush Esker,2310
Piotr Zapolski,2310
Dirk Hardt,2310
Martin Qvist,2310
Jonas Heuser,2310
Jonathan Christensen PokerStars Qualifier,2310
Jonas Degen PokerStars Qualifier,2310
Sven Stok,2310
Jonas Wendel,2310
Farukh Tach,2310
Bernd Reich,2310
Gato Lafrentz PokerStars Qualifier,2010
Hasan Kilinc,2010
Monir Marie,2010
Mike Schmidt Silver Pass Winner,2010
Ozgur Anar,2010
Yilmaz Tokmak,2010
Simon Keating PokerStars Qualifier,2010
Alfred Tellenbach,2010
Patrick Fretzert,2010
Robert Gill PokerStars Qualifier,2010
Mohammed Nuri,2010
Dario Sorrenti,2010
Marijus Dirgela,2010
Johannes Franz,2010
Hans Woyrsch,2010
Mats Ullereng,2010
Nadir Arslan,1750
Julien Mirainski,1750
Mick Wittig Silver Pass Winner,1750
Jonas Klaus,1750
Cheng Zhao,1750
Lach,1750
Florian Balhorn PokerStars Qualifier,1750
Dominick French,1750
Sven Reiter,1750
Dirk Stange,1750
Eric Fischer,1750
Patrick Lorenz,1750
Christian Reimer,1750
Eazy,1750
Tommy Nguyen,1750
Florian Bach,1750
,54120
,34900
,24930
,19180
,14750
,11350
,9080
,7260
,6050
,5040
,5040
,4200
,4200
,3500
,3500
,110070
,68750
,49110
,37780
,29060
,22350
,17190
,13230
,10610
,8840
,8840
,7370
,7370
,6140
,6140
,5340
,5340
,4640
,4640
Halis Bozkurt,4640
Helge Pedersen,4040
Walter Beckmann,4040
Malte Von Ostrowski,4040
Robert Rohr,3510
Tommy Eriksson,3510
Baris Topuz,3510
Bloch,3510
Mehmet Aladag,3060
Lars Vogel,3060
Marcin Pucylowski,3060
Julian Paulsen,3060
Heiko Fiehn Silver Pass Winner,2660
Arman Zanobi,2660
Ermanno Di Nicola,2660
Yannick Bräuer PokerStars Qualifier,2660
Gregory Kehren,2660
Armin Seyfi,2660
Marcel Krüger,2660
Andrzej Powalka,2660
Nicola Karl,2310
Mengshi Tian,2310
Axel Junker,2310
Stefan Teckenburg,2310
Boris Progner,2310
Atush Esker,2310
Piotr Zapolski,2310
Dirk Hardt,2310
Martin Qvist,2310
Jonas Heuser,2310
Jonathan Christensen PokerStars Qualifier,2310
Jonas Degen PokerStars Qualifier,2310
Sven Stok,2310
Jonas Wendel,2310
Faruk Tach,2310
Bernd Reich,2310
Gato Lafrentz PokerStars Qualifier,2010
Hasan Kilinc,2010
Monir Marie,2010
Mike Schmidt Silver Pass Winner,2010
Ozgur Anar,2010
Yilmaz Tokmak,2010
Simon Keating PokerStars Qualifier,2010
Alfred Tellenbach,2010
Patrick Fretzert,2010
Robert Gill PokerStars Qualifier,2010
Mohammed Nuri,2010
Dario Sorrenti,2010
Marijus Dirgela,2010
Johannes Franz,2010
Hans Woyrsch,2010
Mats Ullereng,2010
Nadir Arslan,1750
Julien Mirainski,1750
Mick Wittig Silver Pass Winner,1750
Jonas Klaus,1750
Cheng Zhao,1750
Lach,1750
Florian Balhorn PokerStars Qualifier,1750
Dominick French,1750
Sven Reiter,1750
Dirk Stange,1750
Eric Fischer,1750
Patrick Lorenz,1750
Christian Reimer,1750
Eazy,1750
Tommy Nguyen,1750
Florian Bach,1750
MARTIN SALIH,21710
JAN BLOCH,25200
GEORGII TVALIASHVILI,19910
JEROME GÜLS,11100
BORIS STREJC,8350
JAKOB SCHILK,6350
CALVIN ERDMANN,5015
WOUTER HORDIJK,3900
RIZKALLAH KOCHEICHE,3180
NEBOJSA MUSULIN,2650
YASHAR KAHVAND,2650
SIMON WAACK,2200
MARK THIES,2200
MATHIAS WAGEMEYER,1840
OSMAN KAYA,1840
RAMAZAN KIZILTAS,1600
NILS JASCHINSKI,1600
PEDRAM KHODAÜARAST,1390
CHRISTIAN DIERKS,1390
SEBASTIAN MIKKAT,1390
HELGE PEDERSEN,1200
KLAUS SUHR,1200
HERRY LIAN,1200
DENNIS STEMMLER,1050
FLORIAN ZÜHLKE,1050
MARCO FREESE,1050
ÖMER YOZGAT,1050
,920
ZECHARIAH MONTOYA,920
MICK WITTIG,920
JOACHIM HESELMEYER,920
YAIR GRABLY,800
RENE RITTER,800
THOMAS MERTEN,800
MAXIM KOGAN,800
HENDRIK KWIATKOWSKI,800
CHRISTAKI TSEKO,800
STEVO MARJANOVIC,800
JOHANNES SCHWEGER,800
CHRISTIAN DEL CARPIO GARRIDO,700
PHILIPP BAHNER,700
ARWIN ABBASPOUR,700
CARLOS ALMENDROS,700
HEIKO FIEHN,700
MORVARID HARTMANN,700
HAUKE KNUTZEN,700
MARCO DITTMANN,700
UWE LORENZEN,700
,700
STEFAN THEWES,700
JONATHAN WENDLANDT,700
IGOR KINTLER,700
TARIK HUSSEIN,700
HANS DIRK GITTERMANN,700
DANIEL SCHAEFER,700
PIERRE KAUERT,600
DOMINIC KRATTIGER,600
NIKLAS SCHMIDT,600
JULIAN VERONESE,600
ARMUT ÖRSAN,600
MAXIMILIAN WEBER,600
ADRIAN FARON,600
PAUL STEADMAN,600
HENDRIK REMER,600
STEFAN MAAK,600
HEINRICH SCHREINER,600
CHRISTINA BLANK,600
MARTIN WEDE,600
OGUZ DILGIN,600
IGOR POSNJAKOW,600
THOMAS BOHN,600
ONUR ALTUNEL,530
MANFRED KÖHLER,530
PATRICK FRETZERT,530
FLORIAN BALHORN,530
FLORIAN BACH,530
THORE BÖDEFELD,530
LARS SIMON,530
NEJAT GÜLER,530
MIROSLAV MALIC,530
PETRICK SIRAIT,530
TIM BETHKE,530
FALKO ERDMANN,530
MARTIN FELIX SCHNEIDERS,530
NIELS MICHAEL BERG,530
JURE JEPSEN,530
ISMAIL KALKAN,530
FRANK NEUMANN,530
KEVIN VOSS,530
MALTE ZIMMERMANN,530
FERRY VAFA,530
ANNE HANSEN,530
,32500
,20200
,14120
,11100
,8350
,6350
,5015
,3900
,3180
,2650
,2650
,2200
,2200
,1840
,1840
,1600
,1600
,1390
,1390
,1390
,1200
,1200
,1200
,1050
,1050
,1050
,1050
,920
,920
,920
,920
,800
,800
,800
,800
,800
,800
,800
,800
,700
,700
,700
,700
,700
,700
,700
,700
,700
,700
,700
,700
,700
,700
,700
,700
,600
,600
,600
,600
,600
,600
,600
,600
,600
,600
,600
,600
,600
,600
,600
,600
,530
,530
,530
,530
,530
,530
,530
,530
,530
,530
,530
,530
,530
,530
,530
,530
,530
,530
,530
,530
,530
01. Jul,330
02. Jul,330
03. Jul,330
03. Jul,1100
04. Jul,1100
05. Jul,1100
06. Jul,1100
06. Jul,2200
07. Jul,1100
07. Jul,2200
07. Jul,170
YasharK.,1420
,1040
AndreeE.,660
AdrianB.,500
IlianM.,390
HoumanN.,300
VOLKER PUTT,240
ArwinA.,100
MoritzG.,100
EnesA.,1100
PhilipM.,1100
MEGASIGGI,1100
MICHA,1100
JohannB.,1100
MehmetA.,1100
PeterF.,1100
MichaelA.,1100
SvenR.,1100
Philipp ChristophZ.,1100
SönkeL.,1100
MichaelB.,1100
NicoleZ.,50
KARL LUDWIG,50
MALTE,1100
,1100
CARLOS,1100
AndreeE.,1100
WOLFOFPOKER,1100
NikolasM.,1100
RalphV.,1100
ZlatiborD.,1100
FrankN.,1100
ArmanZ.,1100
JoseB.,210
HussainF.,1100
YasinT.,1065
TanerK.,1065
MR. GRANDEMR. GRANDE,1000
JosipK.,660
R.,370
LaurenzO.,290
MOST WANTED,230
HakanP.,110
W.,1100
DraganS.,1100
BRANKO SKOPJE,1100
SON GOKU,1100
EnesA.,1100
MiroslavM.,1100
GHOST DOG,1100
SalmanI.,1100
,1100
LevinV.,1100
OlafM.,210
NadirA.,1680
DennisG.,1210
ValentinoS.,780
FeodorK.,590
FlorianM.,460
AlanS.,360
EnesA.,290
ManuelA.,220
ThomasH.,110
NatanaelD.,1100
MehdiT.,1100
,1100
LenkoK.,1100
JulienM.,1100
RonnyL.,1100
SON GOKU,1100
SCHMIDDL,1100
MarcK.,1100
RAINBÄR,1100
MEGASIGGI,20
W.,1310
S.,1030
BrankoS.,1010
ChristianD.,985
MuharremB.,470
KevinK.,360
JohnE.,290
ThomasM.,230
JulianV.,110
WilhelmA.,3300
MarkH.,2310
BorisM.,2040
StephanS.,1500
AndreasR.,990
EdizA.,770
FaresH.,610
RolandD.,470
RuslanS.,360
NadirA.,1400
GiritharanN.,1010
LutzH.,1010
KILY,550
StephanS.,430
DjahnH.,330
FrankS.,270
NiclasO.,210
AlinP.,110
RalphT.,3190
DetlefE.,2300
LotharM.,1490
SebastianE.,1120
HenningB.,870
AmirP.,680
MichaelaH.,540
DannyB.,420
ThomasS.,220
,9585
,6880
,4470
,3380
,2620
,2030
,1610
,1250
,950
COBRA,4360
SHARKINHO,5350
ONKEL FETTI,2540
PHILIP M,2100
HAUKE K,1700
MÜLLER,1340
NASER N,1020
ATHANASSIOS P,770
REZA Z,570
GREENMAN,470
LEGEND OF SCHENEFELD,470
EDUARD O,410
DONY,410
BRANKO SKOPJE,380
PATRICK H,380
CHARLOTT E,360
,360
THOMAS K,22700
UWE L,14370
HARRY HIRSCH,10390
DICKS DING,8400
DRAGOS B,6650
MANUEL G,5120
BJÖRN P,3810
LENNARD G,2760
MISDURRR,2230
THOMAS S,1400
DRAWBOX,1700
PHILHAVEY,700
NEXO,200
,1100
MALIK B,600
AMIR P,1270
GATO L,800
ALEXANDER B,1160
,2600
ANDREA S,1160
AO S,1040
NADIR K,200
VIKTOR W,2200
AXEL J,920
CLICK CLOCK,700
BE COOL,500
PATRICK H,200
WOLFOFPOKER,400
MARC K,400
ONKEL HENNING,810
HATTA,900
WOLLE,690
NOEL R,200
CHARLOTT E,200
BASTIAN H,400
DENIZ G,690
,200
TOMISLAV M,690
ADVOKAT,690
MURAT O,570
POUL ERIK M,570
ADRIAN B,400
MOHAMMAD Q,570
,700
STEPHAN R,500
YUN HO C,2000
RICKY C,200
MAURICE W,570
THE SPEZIAL ONE,570
KLAUSTOFF,570
QUENTIN W,200
JOERN M,570
HENDRIK R,570
EMMERSON.11,570
HANS JÖRG H,570
AXEL J,600
KEBAP,200
WALID S,200
MURRAL O,1000
,9585
,6880
,4470
,3380
,2620
,2030
,1610
,1250
,950
,22700
,14370
,10390
,8400
,6650
,5120
,3810
,2760
,2230
THOMAS S,1400
DRAWBOX,1700
PHILHAVEY,700
NEXO,200
,1100
MALIK B,600
AMIR P,1270
GATO L,800
ALEXANDER B,1160
,2600
ANDREA S,1160
AO S,1040
NADIR K,200
VIKTOR W,2200
AXEL J,920
CLICK CLOCK,700
BE COOL,500
PATRICK H,200
WOLFOFPOKER,400
MARC K,400
ONKEL HENNING,810
HATTA,900
WOLLE,690
NOEL R,200
CHARLOTT E,200
BASTIAN H,400
DENIZ G,690
,200
TOMISLAV M,690
ADVOKAT,690
MURAT O,570
POUL ERIK M,570
ADRIAN B,400
MOHAMMAD Q,570
,700
STEPHAN R,500
YUN HO C,2000
RICKY C,200
MAURICE W,570
THE SPEZIAL ONE,570
KLAUSTOFF,570
QUENTIN W,200
JOERN M,570
HENDRIK R,570
EMMERSON.11,570
HANS JÖRG H,570
AXEL J,600
KEBAP,200
WALID S,200
MURRAL O,1000
,22700
,14370
,10390
,8400
,6650
,5120
,3810
,2760
,2230
,1850
,1850
,1600
,1600
,1410
,1410
,1270
,1270
,1160
,1160
,1160
,1040
,1040
,1040
,920
,920
,920
,920
,810
,810
,810
,810
,690
,690
,690
,690
,690
,690
,690
,690
,570
,570
,570
,570
,570
,570
,570
,570
,570
,570
,570
,570
,570
,570
,570
,570
01. Jul,330
02. Jul,330
03. Jul,330
03. Jul,1100
04. Jul,1100
05. Jul,1100
06. Jul,1100
06. Jul,2200
07. Jul,1100
07. Jul,2200
07. Jul,170
,3060
BRANKO SKOPJE,3060
AmirP.,1660
RezaR.,1250
HasanK.,970
TRUMPELTIER,750
,600
PhilipM.,460
AlexanderB.,350
ZlatiborD.,3400
,2470
MichaelC.,2470
MarcoS.,1340
OlafM.,1040
MartinR.,810
Cobra,640
Tommy T.G.Tommy T.G.,500
AmirP.,380
RezaR.,250
ChristofG.,1465
EnesA.,1050
PatrickK.,670
JulianV.,510
AlinP.,390
MuratU.,300
DominikF.,240
MehdiJ.,110
N.,110
MÜLLER,2820
DONY,2810
ROMAN D.ROMAN D.,2640
IMAN Z.IMAN Z.,1330
Micha,1030
Michael W.Michael W.,800
Christian H.Christian H.,630
Clemens G.Clemens G.,490
Helga D.Helga D.,370
PhilipM.,1290
EricM.,1195
RomanD.,670
FeodorK.,510
KhosseinK.,390
PhilippH.,300
Megasiggi,240
RenéK.,130
ChristofG.,120
L.,2900
,2790
DennisW.,1540
Rackete,1160
Most Wanted,900
PaulS.,700
AmirP.,560
RomanD.,440
H.,220
Megasiggi,1425
WilhelmA.,1000
GoranM.,1000
FalcoT.,550
G.,420
KonstantinS.,320
JulianV.,260
HeikoS.,130
SvenS.,120
FrankH.,2870
ChristinK.,2135
ThommyO.,2065
RizkallahK.,2015
HeinzB.,1545
SelimK.,800
SvenS.,630
SerhiiK.,490
MichaelE.,370
MarioR.,1425
PhilipM.,1235
MelanderM.,710
Essco,540
MaximillianR.,420
ThorbenH.,320
DennisG.,260
TillH.,110
W.,110
Greenman,2600
F.,2240
Foldfox,2150
MarcelW.,1980
PhilipM.,960
ChristopherB.,750
KahramanS.,600
NorbertS.,470
LorenzR.,220
EduardL.,1620
EsscoE.,1160
W.,750
J.,570
JohannesK.,440
GeorgiiT.,340
JohannesS.,270
MaximilianR.,210
DanielG.,150
RalphT.,2150
Rainbär,2075
Nikolaus,1915
KahramanS.,1790
KonstantinS.,840
,650
Marc OliverT.,520
GuidoL.,220
BodoH.,100
Wilhelm K.Wilhelm K.,1560
Thomas H.Thomas H.,1130
Serhii K.Serhii K.,730
Steffen K.Steffen K.,550
Jens H.Jens H.,430
Bela B.Bela B.,330
Reza R.Reza R.,270
Egbert S.Egbert S.,210
Yunus E.Yunus E.,110
MichaelB.,1986
MalteZ.,1986
J.P.J.P.,1986
FrankH.,1986
MarcoU.,1986
Sonetschko,750
MathiasH.,600
NorbertS.,470
,220
FELIX M,31210
,19500
DONY,13930
ALICO,10720
LEGEND OF SCHENEFELD,8240
LEON,6340
HEIKO P,5080
RACKETE,4240
BRANKO SKOPJE,3530
MICK ACHILLES,3070
WIESBADEN,3070
PHILIPP CHRISTOPH Z,2670
MARTIN W,2670
THOMAS K,2320
NIKLAS B,2320
NERO,2020
ERIK S,2020
NORBERT K,1760
SCHNEEWITTCHEN,1760
SERKAN A,1760
,1530
XATAR,1530
PATRICK  J,1530
BRUNO B,1330
BALKAN,1330
WOLFOFPOKER,1330
RICKY C,1330
TECKI,1150
DRAGAN S,1150
SERGEJ BODROV,1150
MAX B,1150
,1000
ARTASCHES  G,1000
STEPHAN R,1000
OLIVER N,1000
SENSEI HH,1000
ROBERT R,1000
MINNIE MOUSE,1000
LARS K,1000
HEIKO S,870
IGOR K,870
KALKAR,870
ILJA G,870
JACEN,870
,870
MÜLLER,870
JÖRGEN A,435
MARCEL K,435
,31210
,19500
,13930
,10720
,8240
,6340
,5080
,4240
,3530
,3070
,3070
,2670
,2670
,2320
,2320
,2020
,2020
,1760
,1760
,1760
,1530
,1530
,1530
,1330
,1330
,1330
,1330
,1150
,1150
,1150
,1150
,1000
,1000
,1000
,1000
,1000
,1000
,1000
,1000
,870
,870
,870
,870
,870
,870
,870
,870
GEVORG G,10115
LAMI,6580
,4670
KLAUSTOFF,3590
FABIAN D,2770
BLUTO,2120
BRANKO,1640
EROL S,1260
AVALON,980
,10115
,6580
,4670
,3590
,2770
,2120
,1640
,1260
,980
AlinP.,1470
ErcanD.,1060
W.,670
KhosseinK.,510
HelgiM.,400
ThorstenJ.,300
PetroL.,240
StephanS.,100
Mantis,3130
NoelR.,2250
ZlatiborD.,1450
GiuseppeC.,1100
FrankZ.,850
TomaszB.,660
HosseinD.,530
MikeZ.,420
MartinH.,250
W.,1250
LaurenceZ.,1095
FidaH.,1090
BenjaminW.,550
KarstenH.,430
RomanD.,330
SerhiiK.,260
AmirK.,110
NorbertS.,110
LucaB.,1225
AmirK.,1225
D.,1220
MathiasW.,590
NorbertS.,460
LuigiK.,360
W.,290
YasinT.,220
Armin,110
ThomasM.,1500
MarcelM.,1080
AlinP.,690
LeonardE.,520
JacekB.,400
ValeriyB.,310
JohnE.,250
MarcF.,1890
MarcusW.,1820
MarcelW.,1625
ConstantinK.,1565
NorbertS.,1530
HansW.,1380
MikeZ.,1290
JensH.,460
DanielF.,220
AlinP.,1600
AlanS.,1435
EvgenijK.,820
SiroG.,620
FrankW.,480
DragosB.,380
MoritzS.,300
MatzT.,230
RolandD.,120
TillS.,2580
RizkallaK.,2300
SimoneS.,1880
OliverT.,1570
YasharK.,890
ThomasM.,680
MarkH.,550
SHADINHO,18530
MAX B,12040
DIRK S,8550
VITO,6580
HERBERT B,5060
DAYI,3890
JOE COCKER JR,2990
SACKSONS,2320
YASAR K,1790
ARMAN Z,4635
SALMAN I,3815
VEACESLAV D,3080
,3070
ALEN B,1600
BRANKO SKOPJE,1230
MALTE Z,970
CONSTANTIN K,810
YOSEF E,670
,560
URSULA G,560
ROBIN S,490
ANDREAS,490
NADIR K,420
TILL S,420
LUCKY EDDIE,370
LENNART M,370
ROBIN S,32735
ALI K,30000
LICLAC,17220
ANDICOVER,13250
MARCEL K,10190
HILDEGARD,7840
PATRICK L.PATRICK L.,6030
TIKO,4970
FOLDFOX,4140
ALEXANDER B,3450
FALCO,3450
DENNIS G,2880
,2880
TORBEN R,2500
BADEMEISTER,2500
FABIAN D,2170
DRAGAN S,2170
TOBIAS B,1890
NITLAS,1890
SINGAPUR,1890
KLAUSTOFF,1640
NORBERT K,1640
BJÖRN P,1640
,1430
,1430
DANIJEL R,1430
,1430
BASTIAN S,1240
DR. PDR. P,1240
MARCEL W,1240
JEPSER H,1240
,1080
MARTIN T,1080
MICHAEL W,1080
FLORIAN B,1080
M.L.M.L.M.L.M.L.,1080
THIES L,1080
OLIVER N,1080
ANDRE M,1080
JACOBUS R,940
DANNY B,940
JURE J,940
PHILIPP S,940
KILY,940
DOMINIK C,940
PATRICK H,940
NICOLE Z,940
,940
MOHAMMAD Q,940
JÖRG S,940
PEDRAM S,940
,940
CASY KASTLE,940
,940
FELIX M,940
,18530
,12040
,8550
,6580
,5060
,3890
,2990
,2320
,1790
,38625
,24110
,17220
,13250
,10190
,7840
,6030
,4970
,4140
ALEXANDER B,3450
FALCO,3450
DENNIS G,2880
,2880
TORBEN R,2500
BADEMEISTER,2500
FABIAN D,2170
DRAGAN S,2170
TOBIAS B,1890
NITLAS,1890
SINGAPUR,1890
KLAUSTOFF,1640
NORBERT K,1640
BJÖRN P,1640
,1430
,1430
DANIJEL R,1430
,1430
BASTIAN S,1240
DR. PDR. P,1240
MARCEL W,1240
JEPSER H,1240
,1080
MARTIN T,1080
MICHAEL W,1080
FLORIAN B,1080
M.L.M.L.M.L.M.L.,1080
THIES L,1080
OLIVER N,1080
ANDRE M,1080
JACOBUS R,940
DANNY B,940
JURE J,940
PHILIPP S,940
KILY,940
DOMINIK C,940
PATRICK H,940
NICOLE Z,940
,940
MOHAMMAD Q,940
JÖRG S,940
PEDRAM S,940
,940
CASY KASTLE,940
,940
FELIX M,940
,38625
,24110
,17220
,13250
,10190
,7840
,6030
,4970
,4140
,3450
,3450
,2880
,2880
,2500
,2500
,2170
,2170
,1890
,1890
,1890
,1640
,1640
,1640
,1430
,1430
,1430
,1430
,1240
,1240
,1240
,1240
,1080
,1080
,1080
,1080
,1080
,1080
,1080
,1080
,940
,940
,940
,940
,940
,940
,940
,940
,940
,940
,940
,940
,940
,940
,940
,940
CLICK CLOCK,11910
BANANA,7680
HAMBURGER JUNG,5490
FAROCH,4220
MAX B,3380
LEON,2700
AVALON,2160
,1730
SACKSONS,1380
AHMET C,1110
ROBERT W,1110
TANGO,890
JENS R,890
,11910
,7680
,5490
,4220
,3380
,2700
,2160
,1730
,1380
,1110
,1110
,890
,890
WilhelmA.,3350
RezaR.,2420
PeterV.,1560
MarcelM.,1180
SasaC.,910
D.,710
YasharK.,570
AsaadM.,450
Sonetschko,250
WittJ.,2400
MandicV.,1470
ZimmermannM.,1470
GuelserpS.,1470
AptoulaE.,1465
MotschallL.,1465
HaermeyerT.,550
FittschenJ.,430
HoffmannN.,300
DominikH.,1580
TillH.,1150
NicoS.,900
YasharK.,580
ChristianD.,450
RuslanS.,350
Markus,280
MarcoG.,220
ThomasF.,850
MarcoW.,850
LennartM.,715
SebastianG.,715
MalteZ.,715
EnesA.,715
ThorstenS.,250
StephanH.,110
DangN.,110
Fida,2250
ChristianD.,2250
FrankZ.,2200
MuharremB.,1080
ThomasS.,840
LarsH.,650
YasinT.,520
S.,410
ElmarW.,220
SimoneS.,220
LennartM.,690
SasaS.,690
LukasG.,690
FrankS.,690
MatthiasW.,690
MarcoW.,690
CarolinN.,690
DennisG.,110
JohannB.,2200
FlorianB.,2075
EsscoE.,1885
MichaelJ.,1755
ChristophM.,1565
Cpt Karacho,1380
MarcoW.,600
JensH.,470
ZlatiborD.,360
MatthiasW.,250
SimonH.,805
AlexsanderM.,690
A.,615
MohamedH.,575
EduardS.,530
AntonV.,210
TadijaJ.,90
AmirP.,2680
AlexanderB.,2000
AndreeE.,2000
ZlatiborD.,2000
PiedroB.,930
Sonetschko,730
SiarH.,580
TommyO.,450
MichaelaH.,220
TobiasK.,3480
TobiasB.,2520
HaciÜ.,1620
SerdarG.,1230
ThomasS.,950
DennisH.,740
DannyB.,590
ChristosM.,460
R.,1300
LutzH.,1235
N.,680
MikeS.,520
HansS.,400
PhilipU.,300
ChristianS.,250
NawedR.,200
E.,150
MichaelW.,2300
MartinH.,2100
StevoM.,2000
Mantis,1700
DragosB.,870
EdizA.,680
ConstantinK.,540
SiarH.,420
MaximoH.,220
RainerL.,1210
GörkemG.,1120
MichaelM.,1090
LukasK.,550
UlrikeL.,430
JudithA.,330
BarisS.,270
KevinJ.,210
PatrickL.,110
SONETSCHKO,2765
MarcelW.,2765
ChristosM.,1500
EleftheriosM.,1140
MaikH.,880
LotharM.,690
NicoleZ.,550
PatrickS.,430
ThomasS.,300
Tom R.Tom R.,1190
Yasin T.Yasin T.,1170
Benjamin N.Benjamin N.,1170
Christian K.Christian K.,570
Alexander S.Alexander S.,440
Patrick L.Patrick L.,340
Marc V.Marc V.,270
Ralph F.Ralph F.,210
Ercan D.Ercan D.,150
RezaR.,3200
E.,2310
StevoM.,1470
DirkS.,1120
VincentN.,860
MarcoW.,660
G.,530
MathiasH.,200
NorbertS.,100
SebastianW.,1360
MikeS.,1145
ElmarW.,1070
EnesA.,580
AschilH.,450
PatrickL.,350
RobertG.,280
R.,220
SebastianG.,150
Christos,3380
Branko,2450
Charalambos,1580
Christian,1200
Rafal,930
Fares,720
Kujtim,580
Enrico,450
Christian,300
AyhanE.,950
NickA.,950
EnesA.,950
HeikoS.,440
BjoernN.,330
RobertG.,230
BrankoS.,110
N.,110
DanielK.,110
RobertD.,2175
YasinT.,1965
HajrusiA.,1930
BonkeE.,1700
BernhardtA.,1520
SahinA.,700
WaliE.,560
PatrickL.,440
TobiasB.,220
AYDIN GENGEC,8260
ANTOINE VRANKEN,5190
FRANK KLUWE,3710
NAZO ALIMANOVIC,2850
HENRY MAHLKE,2190
DIRK KÖHLER,1690
PATRIK MEIßNER,1410
TIM ARTMANN,1170
GÜNAY EZER,980
PETER POHL,850
RIZKALLAH KOCHEICHE,850
RUSLAN SALYKOV,740
FLORIAN BENSEMANN,740
ELVEDIN SULEJMANOVIC,640
PAVEL ARAKELIJAN,640
ERIK NIES,560
MARCEL GEBAUER,560
OGUZ DILGIN,490
SIMONE SCHULZ,490
UDO GARTENBACH,490
,420
SALMAN ISCAN,420
MICHAEL SCHMITZ,420
AO SUN,370
ALI HAWAR,370
BENJAMIN MARIO REINCKE,370
MARK PHILIPP HARMENING,370
KONSTANTIN FÄRBER Germany,42151
DE HAN KIM Germany,33539
JAKOB SCHILK Germany,21210
MOTOKATSU UHARA Japan,16320
ARAM ALI Germany,12550
CORNELIS VAN GENT Netherlands,9980
ALAN YALCIN Germany,7980
BAHO HOSSEINI Germany,6380
OLEKSII IEVCHENKO Ukraine,5110
RENE KÜKENBRINK Germany,4090
TOBIAS PETERS Netherlands,4090
Amir Mozaffarian Germany,123780
Tomas Patka Slovakia,77350
Christian Gurr Germany,55250
Johannes Erfurth Germany,42500
Germany,32690
Hendrik Kwiatkowski Germany,25140
Timo Schümann Germany,19340
Branko Samardzic Germany,14880
Ercan Atmaca Netherlands,11450
Noah El Ammar Germany,9290
Niek Minten Netherlands,9290
Andre Hegendorf Germany,7740
Alexej Macht Germany,7740
Germany,6450
Poul Erik Madsen Denmark,6450
Chi Quay Hoang Germany,5610
Klas Krüger Germany,5610
Marco Freese Germany,4880
Ratmir Kesidis Greece,4880
Dennis Stemmler Germany,4880
Velimir Kvrgic Croatia,4230
Fares Hadidi Germany,4230
Panagiotis Mavritsakis Greece,4230
Felix Schneiders Germany PokerStars Ambassador,3680
Daniel Pawletta Germany,3680
Pascal Heinrichs Germany,3680
Nikola Brankovic Germany,3680
Mohamed Madani Germany,3210
David Lehnen Germany,3210
Erkan Sönmez Germany,3210
Rainer Ziermann Germany,3210
Patrick Gerritsen Germany,2780
Julien Mirainski Germany,2780
Kevin Klebe Germany,2780
Niklas Bauer Germany,2780
Gisle Arne Olsen Denmark,2780
Halil Coknez Germany,2780
Jascha Ahmadi Germany,2780
Burak Güler Germany,2780
Adriatik Agalliu Germany,2420
Serkan Alp Germany,2420
Massoud Assaf Sweden,2420
Hue Dat Le Germany,2420
Flemming Stuhlmann Germany,2420
Marc Moll Germany,2420
Alexander Keller Germany,2420
Vedran Mandic Germany,2420
Patrick Lorenz Germany,2420
Philip Eggers Germany,2420
Stefan Vennemann Germany,2420
Jürgen Fittschen Germany,2420
Felix Von Rahden Germany,2420
Amir Pahlawani Sarughieh Germany,2420
Marco Dittmann Germany,2420
Yuliia Mazur Ukraine,2420
Frank Stäcker Germany,2110
Ali Hawar Sweden,2110
Andreas Renken Germany,2110
Denys Mazur Ukraine,2110
Henrik Veldhoen Germany,2110
Tonino Schmitz Germany,2110
Mir Baha Germany,2110
Yun Ho Choi South Korea,2110
Oscar Chang Netherlands,2110
Andreas Klemm Germany,2110
Dirk Koch Germany,2110
Germany,2110
Günter Don Germany,2110
Berend Hooijer Netherlands,2110
Günay Ezer Germany,2110
Charbel Albayrak Sweden,2110
Jakob Schilk Germany,1840
Kai Münster Germany,1840
Jonas Wendel Germany,1840
Petrick Sirait Germany,1840
Yimin Wang Germany,1840
Otto Lemke Germany,1840
Benjamin Woywode Germany,1840
Maximilian Schmidtling Germany,1840
Pablo Lugo Germany,1840
Dominik Herold Germany,1840
Julius Foelister Germany,1840
Jan Bloch Germany,1840
Özgür Anar Germany,1840
Kazim Ari Germany,1840
Arman Zonobi Germany,1840
Christian Reimer Germany,1840
Patrick Fretzert Germany,1840
Mohamed Hassan Germany,1840
Arash Fazeli Germany,1840
Miomir Saric Serbia,1840
Andrzej Powalka Poland,1840
Germany,1840
Christoffer Russo Germany,1840
Klaus Suhr Germany,1840
Marcel Wright Germany,1690
Samuel Auer Germany,1690
Clemens Michaelis Germany,1690
Erik Rachow Germany,1690
Andreas Van Zadelhof Germany,1690
Osman Kaya Germany,1690
Josip Grbavac Croatia,1690
Murat Ayata Turkey,845
Mustafa Kersebom Germany,845
,46000
,29690
,21210
,16320
,12550
,9980
,7980
,6380
,5110
,4090
,4090
,123780
,77350
,55250
,42500
,32690
,25140
,19340
,14880
,11450
,9290
,9290
,7740
,7740
,6450
,6450
,5610
,5610
,4880
,4880
,4880
,4230
,4230
Panagiotis Mavritsakis Greece,4230
Felix Schneiders Germany PokerStars Ambassador,3680
Daniel Pawletta Germany,3680
Pascal Heinrichs Germany,3680
Nikola Brankovic Germany,3680
Mohamed Madani Germany,3210
David Lehnen Germany,3210
Erkan Sönmez Germany,3210
Rainer Ziermann Germany,3210
Patrick Gerritsen Germany,2780
Julien Mirainski Germany,2780
Kevin Klebe Germany,2780
Niklas Bauer Germany,2780
Gisle Arne Olsen Denmark,2780
Halil Coknez Germany,2780
Jascha Ahmadi Germany,2780
Burak Güler Germany,2780
Adriatik Agalliu Germany,2420
Serkan Alp Germany,2420
Massoud Assaf Sweden,2420
Hue Dat Le Germany,2420
Flemming Stuhlmann Germany,2420
Marc Moll Germany,2420
Alexander Keller Germany,2420
Vedran Mandic Germany,2420
Patrick Lorenz Germany,2420
Philip Eggers Germany,2420
Stefan Vennemann Germany,2420
Jürgen Fittschen Germany,2420
Felix Von Rahden Germany,2420
Amir Pahlawani Sarughieh Germany,2420
Marco Dittmann Germany,2420
Yuliia Mazur Ukraine,2420
Frank Stäcker Germany,2110
Ali Hawar Sweden,2110
Andreas Renken Germany,2110
Denys Mazur Ukraine,2110
Henrik Veldhoen Germany,2110
Tonino Schmitz Germany,2110
Mir Baha Germany,2110
Yun Ho Choi South Korea,2110
Oscar Chang Netherlands,2110
Andreas Klemm Germany,2110
Dirk Koch Germany,2110
Germany,2110
Günter Don Germany,2110
Berend Hooijer Netherlands,2110
Günay Ezer Germany,2110
Charbel Albayrak Sweden,2110
Jakob Schilk Germany,1840
Kai Münster Germany,1840
Jonas Wendel Germany,1840
Petrick Sirait Germany,1840
Yimin Wang Germany,1840
Otto Lemke Germany,1840
Benjamin Woywode Germany,1840
Maximilian Schmidtling Germany,1840
Pablo Lugo Germany,1840
Dominik Herold Germany,1840
Julius Foelister Germany,1840
Jan Bloch Germany,1840
Özgür Anar Germany,1840
Kazim Ari Germany,1840
Arman Zonobi Germany,1840
Christian Reimer Germany,1840
Patrick Fretzert Germany,1840
Mohamed Hassan Germany,1840
Arash Fazeli Germany,1840
Miomir Saric Serbia,1840
Andrzej Powalka Poland,1840
Germany,1840
Christoffer Russo Germany,1840
Klaus Suhr Germany,1840
Marcel Wright Germany,1690
Samuel Auer Germany,1690
Clemens Michaelis Germany,1690
Erik Rachow Germany,1690
Andreas Van Zadelhof Germany,1690
Osman Kaya Germany,1690
Josip Grbavac Croatia,1690
Murat Ayata Turkey,845
Mustafa Kersebom Germany,845
,123780
,77350
,55250
,42500
,32690
,25140
,19340
,14880
,11450
,9290
,9290
,7740
,7740
,6450
,6450
,5610
,5610
,4880
,4880
,4880
,4230
,4230
,4230
,3680
,3680
,3680
,3680
,3210
,3210
,3210
,3210
,2780
,2780
,2780
,2780
,2780
,2780
,2780
,2780
,2420
,2420
,2420
,2420
,2420
,2420
,2420
,2420
,2420
,2420
,2420
,2420
,2420
,2420
,2420
,2420
,2110
,2110
,2110
,2110
,2110
,2110
,2110
,2110
,2110
,2110
,2110
,2110
,2110
,2110
,2110
,2110
,1840
,1840
,1840
,1840
,1840
,1840
,1840
,1840
,1840
,1840
,1840
,1840
,1840
,1840
,1840
,1840
,1840
,1840
,1840
,1840
,1840
,1840
,1840
,1840
,1690
,1690
,1690
,1690
,1690
,1690
,1690
,1690
BRIAN KLINDRUP,23310
DENIZ GOEK,18915
ANDREAS SMIRNOW,18825
GÜNTHER SANDERS,14985
MARIUS FRITZ,14450
DOMINIK CZERNEK,6870
SAM CICHY,5290
JURE JEPSEN,4060
JOSHUA RABE,3120
TIMO SCHÜMANN,2420
JOHANNES ERFURTH,2420
NICOLAE SUCIU,2010
FLOYD KAPS,2010
IGOR POSNJAKOW,1680
MALTE MICHAEL VON OSTROWSKI,1680
CHRISTIAN REHFELDT,1460
PATRICK LORENZ,1460
PAVEL ARAKELIJAN,1260
THOMAS FREITAG,1260
PATRICK GERRITSEN,1260
MICHAEL ERDMANN,1100
ELMAR WALI MOHAMMAD,1100
MANCEL D ASSUNCAO,1100
MERAB MELADZE,960
FELIX VON RAHDEN,960
ALEXANDER PULKERT,960
HEIKO GRIEM,960
HOANG LE,840
LIULJ SABANI,840
ALEXANDER EPP,840
NILS ROWETTER,840
CARL PRÖBSTING,730
NILS RIECKEN,730
PATRICK WERBKE,730
SASCHA NEUNABER,730
ARDALAN KATANI,730
HENNING KOSMALLA,730
RENE KÜKENBRINK,730
STEFAN MAAK,730
IGOR KINTLER,630
RATMIR KESIDIS,630
ZLATIBOR DUJKOVIC,630
ALEXANDER WÖDL,630
ENES APTOULA,630
MIKE TESKE,630
DENYS MAZUR,630
SERGEJ ZUMAEV,630
YONGER WU,630
MICHAEL THIEL,630
JAN STEFFEN,630
MARTIN TÖRPER,630
JÖRG BAUENDAHL,630
SASA PILJANOVIC,630
FLORIAN BALHORN,630
DENNIS STEMMLER,630
JENS LITSCHKO,550
JONATHAN GJUZI,550
KAYVAN PARHAMFARD,550
ANDREAS MANSOUR,550
YULIIA MAZUR,550
PATRICK MEYER,550
HUE DAT LE,550
SERDAR G,550
KARL SELIG,550
HARUN ARSLAN,550
JO FINSTER,550
,550
HERBERT SEITZ,550
NILS ROHDE,550
JÖRG KRÜGER,550
JAKOB SCHILK,550
DANIEL PASSMANNS,480
KEVIN GAYO,480
MICHAEL GRIMM,480
YURI ISHIDA,480
STEVEN MCAULAY,480
DE HAN KIM,480
YOUNG JIN MEYER,480
LEONARD KARL EICKE,480
CLEMENS MICHAELIS,480
KAI DRESSLER,480
JOSHUA MAERTENS,480
MOHAMED HASSAN,480
CHRISTOPH KÖCHY,480
RONALD HAMMER,480
PIOTR KULCZYCKI,480
FEDERIK MIELKE,480
JONAS HAFA,480
TIM MÜHLENBRUCH,480
HENDRIK KWIATKOWSKI,480
CLAUS O.CLAUS O.,480
,33755
,21120
,15080
,11600
,8930
,6870
,5290
,4060
,3120
,2420
,2420
,2010
,2010
,1680
,1680
,1460
,1460
,1260
,1260
,1260
,1100
,1100
,1100
,960
,960
,960
,960
,840
,840
,840
,840
,730
,730
,730
,730
,730
,730
,730
,730
,630
,630
,630
,630
,630
,630
,630
,630
,630
,630
,630
,630
,630
,630
,630
,630
,550
,550
,550
,550
,550
,550
,550
,550
,550
,550
,550
,550
,550
,550
,550
,550
,480
,480
,480
,480
,480
,480
,480
,480
,480
,480
,480
,480
,480
,480
,480
,480
,480
,480
,480
,480
Stefan H.Stefan H.,1100
Peter P.Peter P.,1100
Toralf A.Toralf A.,1100
Noah A.Noah A.,1100
Roman D.Roman D.,1100
Murat K.Murat K.,1100
Michael,1100
Patrick K.Patrick K.,1100
Jan Lukas K.Jan Lukas K.,1100
Christian K.Christian K.,400
AmirP.,1205
NaserN.,1200
HansS.,800
HaigM.,510
DennisG.,390
PiedroB.,300
AlexanderK.,240
MiroslavM.,100
FabianG.,100
B.,1100
D.,1100
H.,1100
M.,1100
F.,1100
E.,1100
F.,1100
M.,1100
S.,1100
G.,1100
S.,1100
A.,1100
J.,1100
S.,1100
M.,1100
J.,1100
O.,1100
D.,1100
N.,1100
E.,1100
Naser N.Naser N.,1620
Hans-Joachim W.,830
Ethem A.Ethem A.,825
Helga D.Helga D.,825
Steven T.Steven T.,440
Thomas L.Thomas L.,340
Ahmet A.Ahmet A.,270
Dorian B.Dorian B.,210
Ruslan S.Ruslan S.,150
L.,1100
Z.,1100
E.,1100
S.,1100
E.,1100
Y.,1100
O.,1100
E.,1100
S.,1100
T.,740
StevenT.,1580
LukasB.,1140
AlexanderS.,730
SalmanI.,550
RodionE.,430
NormanS.,330
LeonK.,260
VadimS.,110
"St., K.",2835
"M., S.",2835
"L., C.",1530
"D., Z.",1160
"S., C.",900
"M., V.",700
"R., A.",560
"Sch., T.",440
"B., A.",250
"Erdogan, S.",1025
"Iscan, S.",1020
"Gliwa, C.",1020
"Samardzic, B.",1020
"Christensen, R.",440
"Keil, T.",340
"Dilgin, O.",270
"Laue, R.",100
DirkH.,2200
VadimS.,2150
MarcoU.,2090
FatihS.,2055
ThomasL.,1645
S.,770
ZlatiborD.,610
JohannB.,470
AndreeE.,360
Joshua M.Joshua M.,1480
Kai B.Kai B.,1140
Rüdiger S.Rüdiger S.,1090
Tommy O.Tommy O.,775
Serdar G.Serdar G.,480
Thomas H.Thomas H.,380
Tobias B.Tobias B.,300
Björn N.Björn N.,240
Rodion E.Rodion E.,100
Ramazan,2515
Bruno,2190
Hendrik,2145
MichaelS.,1100
S.,850
ThomasS.,670
NorbertS.,530
FrankZ.,420
HaraldD.,220
Christian M.Christian M.,1425
Heiko S.Heiko S.,1420
Schäffer,770
Wilhelm A.Wilhelm A.,580
Olaf W.Olaf W.,450
Marco R.Marco R.,350
Daniel S.Daniel S.,280
Ediz A.Ediz A.,220
Malte P.Malte P.,110
RamazanK.,3570
DiekeM.,2550
StefanG.,1660
StevenT.,1250
YildirayC.,970
BrunoB.,750
AlexejM.,600
AndreeE.,460
MalteZ.,350
Benjamin W.Benjamin W.,1390
Lars T.Lars T.,1390
Taner K.Taner K.,760
Nils R.Nils R.,570
Amir M.Amir M.,440
Petro L.Petro L.,350
Roland D.Roland D.,280
Malte Z.Malte Z.,220
Arsam A.Arsam A.,110
Ara J.Ara J.,1610
Hannes B.Hannes B.,1170
Luke B.Luke B.,760
Stevo M.Stevo M.,570
Marco W.Marco W.,440
Tom B.Tom B.,350
Arwin A.Arwin A.,280
Reza R.Reza R.,220
Marco K.Marco K.,110
HeikoS.,3480
MichaelT.,2520
DennisM.,1620
TillH.,1230
DiekeM.,950
EsscoE.,740
ImkeB.,590
GeraldL.,460
B.,1680
DiekeM.,1210
JulianV.,780
EnesA.,590
OguzD.,460
RolandD.,360
CarlosL.,280
MarcoW.,220
S.,120
Matthias W.Matthias W.,1280
Ingo F.Ingo F.,1200
Hans-Joachim S.,950
Till S.Till S.,840
Noah E.Noah E.,460
Deniz D.Deniz D.,360
Carsten K.Carsten K.,290
Xhevat K.Xhevat K.,220
Raghav A.Raghav A.,100
NASER N,22765
PATRICK L.PATRICK L.,21285
JAN B,16965
MATTHIAS S,10110
POUYAN H,7780
WENZEL S,5980
ALEXANDER H,4940
ISMET O,4120
CARLOS S,3430
ADVOKAT,2980
EAZY,2980
ZLATIBOR D,2590
SICKTHENSE,2590
ANDRE H,2260
BRUNO B,2260
HATTEBERG,1960
,1960
YUN HO C,1710
ANDREAS G,1710
SERKAN A,1710
AMIR P,1480
ALEXANDER G,1480
FINN R,1480
MATTHIAS K,1290
FELIX S,1290
YAGYAVALK B,1290
ISMAIL K,1290
CHI QUAY H,1120
ARASH K,1120
TIM A,1120
ANDREE E,1120
TITO,970
KLOCK,970
,970
ROBERT E,970
,970
LUCKYPAD,970
,970
HELGA D,970
BLUTO,11500
YASAR K,7420
MOHAMMAD N,5300
BRANKO S,4080
CLICKCLACK,3140
VAFA,2490
,2000
IGOR I,1600
CHRISTIAN I,1280
MARCO D,1020
MUSTAFA K,1020
,11500
,7420
,5300
,4080
,3140
,2490
,2000
,1600
,1280
MARCO D,1020
MUSTAFA K,1020
Dennis P.Dennis P.,1300
,940
Kevin G.Kevin G.,940
Oliver N.Oliver N.,940
Mahmoud E.Mahmoud E.,440
Constantin A.Constantin A.,350
Manuel H.Manuel H.,280
Nadir G.Nadir G.,220
Niko J.Niko J.,100
Sonetschko,3205
B.,3105
MarkusD.,1710
IliasA.,1290
RizkallahK.,1000
FlorianB.,780
MehrshadS.,610
NadhirG.,480
FrankZ.,360
MarianV.,2800
S.,2690
DarekT.,2200
IliasA.,1240
NorbertS.,960
FidaH.,750
S.,600
ErcanD.,470
KarstenH.,250
YiminW.,1425
HeikoS.,1225
RizkallahK.,1220
SasaR.,620
TheodorosG.,480
BrankoS.,380
AndreasM.,300
MarcoW.,240
MathiasW.,3420
RezaR.,2470
BjörnS.,1590
NoahE.,1210
RizkallahK.,930
ElmarW.,730
FrankU.,580
JulienM.,460
ManuelaM.,200
ThomasM.,1740
SayipC.,1070
SimoneS.,1000
NilsR.,610
HaciÜ.,470
MickW.,370
MohammadQ.,300
EduardS.,230
S.,100
ChristianS.,1655
HaciÜ.,1655
KayvanP.,1650
RamazanK.,1650
RonaldH.,660
ChristinK.,460
L.,150
JuliusF.,100
Reza,1000
Drahan,965
Tommy,840
Ricky,835
,390
Julius,300
Pascal,240
Lothar,100
Sofia,80
RamazanK.,2835
Klaus,2835
,2830
MarcoU.,1370
Özgür,1060
SvajunasS.,820
,650
,510
FrankZ.,390
Malek,1660
Malik,1200
Joshua,770
Malte,580
Reza,450
Felix,350
Basta,280
Wali,220
HeinzB.,3245
MichaelaH.,2340
BastianD.,1510
PeterB.,1140
MaikH.,890
KarstenH.,690
MarcF.,550
ChristinK.,430
MichaelK.,225
ARDALAN K,1100
PAVEL A,2900
HATTEBERG,1900
OSMAN K,600
,2100
RALPH K,1630
BENNET M,1500
PETRICK S,880
ADVOKAT,800
JAN K,400
MARC F,590
MIRCO P,300
ENES A,2000
HELGA D,300
FABIAN D,500
ANDREE E,300
JÜRGEN WITT,700
RICKY C,1500
NUTS,380
FALKO B,380
NOAH E,350
CHRISTIAN S,350
MAURICE W,350
STEFAN V.STEFAN V.,200
JAN M.JAN M.,1000
DRAGAN S,3670
HARALD D,3670
TADIJA J,1990
DASKALOS,1530
GEORGII T,1220
SVEN G,950
STAHLBETON,750
HATTA,580
MEGASIGGI,440
TRUMPELTIER,390
HEIKO S,390
HENDRIK R.HENDRIK R.,33255
ZLATIBOR D.ZLATIBOR D.,21110
BOMBER,15820
JOSHUA R.JOSHUA R.,12810
HENRIK L,10100
PARWESH K.PARWESH K.,7710
TIKO,5660
CHRISTIAN T.CHRISTIAN T.,4160
PATRICK G.PATRICK G.,3410
DRAGAN S.DRAGAN S.,2860
BRUNO B.BRUNO B.,2860
ALEXANDER G.ALEXANDER G.,2520
WOLFOFPOKER,2520
NIKLAS K.NIKLAS K.,2270
,2270
ERIK S.ERIK S.,2010
PHILLIP H.PHILLIP H.,2010
NOAH E.NOAH E.,1760
BURAK G.BURAK G.,1760
CHRISTIAN S.CHRISTIAN S.,1760
NADIM E,1590
DENIS D,1590
LEGEND OF SCHENEFELD,1590
DIRK V,1420
MARTIN W,1420
STAHLBETON,1420
THE SPEZIAL ONE,1420
WENZEL S,1240
CHARALABOS C,1240
TITO,1240
OUTLIER,1240
PEYMAN L,1090
SERHAT A,1090
PAVEL A,1090
JAN M,1090
TRUMPELTIER,1090
MOHAMED H,1090
MICHAEL T,1090
ANDRZEJ P,1090
GISLE ARNE O,970
PAY FOR MY AUDI,970
FABIAN D,970
ALI H,970
KERMIT,970
HASAN K,970
ALEXOS,970
FRANK S,970
,7080
,4790
,3190
,2610
,2100
,1630
,1200
,880
,710
,590
,590
,520
,520
,470
,470
,430
,430
,380
,380
,380
,350
,350
,350
,33255
,21110
,15820
,12810
,10100
,7710
,5660
,4160
,3410
DRAGAN S.DRAGAN S.,2860
BRUNO B.BRUNO B.,2860
ALEXANDER G.ALEXANDER G.,2520
WOLFOFPOKER,2520
NIKLAS K.NIKLAS K.,2270
,2270
ERIK S.ERIK S.,2010
PHILLIP H.PHILLIP H.,2010
NOAH E.NOAH E.,1760
BURAK G.BURAK G.,1760
CHRISTIAN S.CHRISTIAN S.,1760
NADIM E,1590
DENIS D,1590
LEGEND OF SCHENEFELD,1590
DIRK V,1420
MARTIN W,1420
STAHLBETON,1420
THE SPEZIAL ONE,1420
WENZEL S,1240
CHARALABOS C,1240
TITO,1240
OUTLIER,1240
PEYMAN L,1090
SERHAT A,1090
PAVEL A,1090
JAN M,1090
TRUMPELTIER,1090
MOHAMED H,1090
MICHAEL T,1090
ANDRZEJ P,1090
GISLE ARNE O,970
PAY FOR MY AUDI,970
FABIAN D,970
ALI H,970
KERMIT,970
HASAN K,970
ALEXOS,970
FRANK S,970
,33255
,21110
,15820
,12810
,10100
,7710
,5660
,4160
,3410
,2860
,2860
,2520
,2520
,2270
,2270
,2010
,2010
,1760
,1760
,1760
,1590
,1590
,1590
,1420
,1420
,1420
,1420
,1240
,1240
,1240
,1240
,1090
,1090
,1090
,1090
,1090
,1090
,1090
,1090
,970
,970
,970
,970
,970
,970
,970
,970
WIESBADEN,11800
HENNING B,10000
SARIUS,5910
,4630
BLUTO,3730
ANDREAS W,2910
JENS R,2300
GISLE ARNE O,1790
ARBONAS,1360
SEBASTIAN N,1040
LEGEND OF SCHENEFLD,1040
JOE COCKER JR,970
MOONBIRDS,970
,12860
,8940
,5910
,4630
,3730
,2910
,2300
,1790
,1360
,1040
,1040
,970
,970
ErcanD.,1217
MichaelH.,1074
ReneM.,1074
MatthiasW.,970
BjarneJ.,470
SuhayK.,360
TobiasH.,290
HelgaD.,230
LarsW.,110
NorbertS.,3200
MarcoU.,2770
FelixS.,1620
S.,1230
FrankN.,950
S.,740
NenadS.,590
OliverT.,460
SimoneS.,220
FlorianB.,1115
DanielL.,1110
TommyO.,1070
KartsenH.,980
ArminZ.,460
MohammadE.,360
MariusK.,290
KurushS.,220
RENE,2180
RAINBÄR,2020
SONETSCHKO,1935
DIRK,1560
KEVIN,1525
,680
SHAHROOZ,550
Günter,1450
Theodoros,1445
Joachim,780
Iscan,590
Tomasz,460
Quoc Duc,360
Mathias,290
Haci,220
Stephanie,200
MikeS.,1600
MarcoB.,1150
L.,740
ChristophL.,560
PatrickH.,440
RuslanS.,340
ErikN.,270
ConstantinK.,210
ThomasH.,100
PatrickK.,100
AlenB.,1987
MichaelS.,1987
TarekH.,1987
GeorgiosB.,1987
EleftheriusM.,1500
RonaldH.,720
DraganS.,570
ConstantinK.,450
KlausS.,200
RizkallahK.,200
RafaelB.,1285
EsatC.,1285
FrankN.,1285
JannikR.,620
ChristianS.,480
SimeonL.,380
JuliusF.,300
ArminZ.,230
SirjaniS.,120
EsscoE.,2680
GeorgiosB.,2000
HaukeK.,2000
EricN.,2000
HansW.,930
WilhelmA.,730
MichaelO.,580
BastianS.,460
FrankS.,200
FrankK.,200
Reza,1610
Frank,1330
Ronny,800
Hannes,600
Patrick,470
Rainer,360
John,290
Michael,230
,100
Lukas,100
Linda,3000
Nemanja,3000
Keven,1620
Deniz,1230
Norbert,960
Falko,760
Pedro,600
Fares,480
,220
Michael,100
LUKAS K,9925
IGOR P,9845
BASTIAN S,8165
MICHAEL W,7725
SIMON R,7140
MR. GRANDEMR. GRANDE,5880
DRAWBOX,2700
ALEN B,1980
YONGER W,1640
LARS BOLDING P,1380
FREDERIK G,1380
MOHAMED H,1200
,1200
MARTIN S,1090
JO QU,1090
PATRICK L.PATRICK L.,970
ALEXANDER F,970
BENJAMIN K,850
FALKO B,850
MARCO T,850
STEVEN W,770
HATTEBERG,770
CONSTANTIN K,770
SIMON K,690
KAI D,690
M. HARTMANNM. HARTMANN,690
NICO P,690
THORSTEN H,610
MÜLLER,610
STEFAN P,610
FRANZISKA H,610
KARSTEN P,540
GOKU,540
WOLFHARD B,540
SENSEI HH,540
MAX MEISE,540
MEHDI T,540
KLAUS H,540
GERD K,540
HERBERT B,17100
HERMANN MARCUS B,12370
LUKAS N,7980
SCANNER,6040
,4670
DIRTY DIRK,3650
SHADE,2910
NO DEAL,2280
JOCKEL JOE,6390
KAY S,5000
ERCAN A,5000
AHMET S,2840
ILIAS A,2280
SVEN G,1770
ALEXANDER B,1310
TIMO B,960
SPARTA,770
TILL S,640
HATTA,640
HARALD D,560
CHRISTIAN M,560
,510
PHILIPP A,510
MICHAEL ELEFTHERIOS,460
AHMET K,460
MEHDI J,420
ESSCO,420
FRANCO S,420
VEACESLAV D,380
PIERRE K,380
MÜLLER,380
VEGETARIER,49395
,30480
SERKAN A,21820
OUTLIER,17010
LEVAN R,13340
WALES,10480
NADIR A,7820
LAMI,5420
MAXIMILIAN A,4280
NUTS,3520
JOHNNY M,3520
TASJA R,2990
ZWIRBEL,2990
GOKU,2610
CLAUS K,2610
DOMINIK P,2300
,2300
ILIAS A,2050
KUNSTHAI,2050
ROBERT ALEXANDER W,2050
MARTIN S,1800
CHRISTINE S,1800
MÜTZE,1800
ALI H,1540
GIUSEPPE C,1540
AHMET C,1540
DIRK H,1540
TYSON,1340
,1340
MAX MEISE,1340
LJULJ S,1340
PATRICK L.PATRICK L.,1190
MOST WANTED,1190
BRUNO B,1190
DENNIS A,1190
SICKTHENSE,1190
JÖRG S,1190
CHRISTIAN H,1190
HARRY HIRSCH,1190
,1040
OLIVER M,1040
TIM W,1040
,1040
,1040
LARS M,1040
BENTOLE S,1040
JÖRG B,1040
FLORIAN B,1040
MICHAEL B,1040
YILMAZ T,1040
JAKOB S,1040
MICHAEL M,1040
,1040
TOBIAS W,1040
NIKLAS K,1040
ALI S,940
QUENTIN W,940
MORITZ W,940
BILLE,940
JANNIS B,940
MICHAEL O,940
THOMAS H,940
PETER B,940
BURAK G,940
S. JACOBSS. JACOBS,940
SEBASTIAN N,940
JÖREN A,940
RAINBÄR,940
MARLON B,940
JURI,940
JOE COCKER JR,940
FIDA H,860
HEIKO S,860
GHOSTDAD,860
SENSEI HH,860
ORHAN C,860
OLIVER N,860
TIM R,860
,17100
,12370
,7980
,6040
,4670
,3650
,2910
,2280
,49395
,30480
,21820
,17010
,13340
,10480
,7820
,5420
,4280
NUTS,3520
JOHNNY M,3520
TASJA R,2990
ZWIRBEL,2990
GOKU,2610
CLAUS K,2610
DOMINIK P,2300
,2300
ILIAS A,2050
KUNSTHAI,2050
ROBERT ALEXANDER W,2050
MARTIN S,1800
CHRISTINE S,1800
MÜTZE,1800
ALI H,1540
GIUSEPPE C,1540
AHMET C,1540
DIRK H,1540
TYSON,1340
,1340
MAX MEISE,1340
LJULJ S,1340
PATRICK L.PATRICK L.,1190
MOST WANTED,1190
BRUNO B,1190
DENNIS A,1190
SICKTHENSE,1190
JÖRG S,1190
CHRISTIAN H,1190
HARRY HIRSCH,1190
,1040
OLIVER M,1040
TIM W,1040
,1040
,1040
LARS M,1040
BENTOLE S,1040
JÖRG B,1040
FLORIAN B,1040
MICHAEL B,1040
YILMAZ T,1040
JAKOB S,1040
MICHAEL M,1040
,1040
TOBIAS W,1040
NIKLAS K,1040
ALI S,940
QUENTIN W,940
MORITZ W,940
BILLE,940
JANNIS B,940
MICHAEL O,940
THOMAS H,940
PETER B,940
BURAK G,940
S. JACOBSS. JACOBS,940
SEBASTIAN N,940
JÖREN A,940
RAINBÄR,940
MARLON B,940
JURI,940
JOE COCKER JR,940
FIDA H,860
HEIKO S,860
GHOSTDAD,860
SENSEI HH,860
ORHAN C,860
OLIVER N,860
TIM R,860
,49395
,30480
,21820
,17010
,13340
,10480
,7820
,5420
,4280
,3520
,3520
,2990
,2990
,2610
,2610
,2300
,2300
,2050
,2050
,2050
,1800
,1800
,1800
,1540
,1540
,1540
,1540
,1340
,1340
,1340
,1340
,1190
,1190
,1190
,1190
,1190
,1190
,1190
,1190
,1040
,1040
,1040
,1040
,1040
,1040
,1040
,1040
,1040
,1040
,1040
,1040
,1040
,1040
,1040
,1040
,940
,940
,940
,940
,940
,940
,940
,940
,940
,940
,940
,940
,940
,940
,940
,940
,860
,860
,860
,860
,860
,860
,860
BENYAMIN C,12885
MURRA A,10000
SHADE,6120
DENIS D,4960
DRAGAN S,3980
,3110
FIKRET A,2450
HUA L,1870
NO DEAL,1370
DEUTSCHA MEISTAA,1110
JÜRGEN K.JÜRGEN K.,1110
NUTS,980
JOE COCKER JR,980
KLAUS M,900
HAMBURGER JUNG,450
MAX B,450
,13555
,9330
,6120
,4960
,3980
,3110
,2450
,1870
,1370
,1110
,1110
,980
,980
,900
,900
ARTHUR D,14480
LUKAS N,14620
,15700
CHI QUAY H,11000
PEYMAN L,6440
ERIK C,5020
FRANK D,3970
AVALON,3090
EROL S,2340
JIHAD A,1800
STAHLBETON,1800
JAN B,1670
,1670
FRANZISKA H,6115
CONSTANTIN K,5475
ADVOKAT,3110
DRAGAN S,2550
HEIKO S,2050
ROBERT E,1590
PILLE PROMILLE,1170
YASIN T,860
HATTEBERG,690
SASA R,580
MARTIN T,580
DIETER S,500
STEFAN G,500
MONTY A,460
COBRA,460
,410
ROBERT S,410
ALEN B,370
TORBEN B,370
TOBIAS S,370
ALEXANDER M,340
NIKLAS R,340
OGUZ D,340
WIESBADEN,63820
JAKOB S,40580
VEDAT C,30420
OUTLIER,24610
MILFHUNTER,19400
DANNY B,14810
FREDERIK R,10880
GOKU,8000
JOE L,6560
C.DARWIN2,5510
JENS K,5510
ALI H,4850
PATRON,4850
MARC PHILIP F,4360
ANDREAS K,4360
NIKLAS R,3870
OLIVER N,3870
POPEYE,3380
,3380
HATTEBERG,3380
GISLE ARNE O,3050
,3050
MARKUS V,3050
ALI S,2720
JULIAN A,2720
LAMI,2720
MARCO F,2720
,2390
,2390
NIKLAS B,2390
YILMAZ T,2390
MR. GRANDEMR. GRANDE,2100
S. JACOBSS. JACOBS,2100
SYZLIK,2100
CLEMENS M,2100
LICLAC,2100
PARLISOMO,2100
STEFAN P,2100
CHARALABOS C,2100
MICHA,1870
MÜTZE,1870
LENNARD G,1870
BILLE,1870
KRZYSTOF F,1870
FABIAN D,1870
,1870
GIANLUCA F,1870
,22200
,15420
,10200
,7980
,6440
,5020
,3970
,3090
,2340
,1800
,1800
,1670
,1670
,63820
,40580
,30420
,24610
,19400
,14810
,10880
,8000
,6560
,5510
,5510
,4850
,4850
,4360
,4360
,3870
,3870
,3380
,3380
,3380
,3050
,3050
,3050
,2720
,2720
LAMI,2720
MARCO F,2720
,2390
,2390
NIKLAS B,2390
YILMAZ T,2390
MR. GRANDEMR. GRANDE,2100
S. JACOBSS. JACOBS,2100
SYZLIK,2100
CLEMENS M,2100
LICLAC,2100
PARLISOMO,2100
STEFAN P,2100
CHARALABOS C,2100
MICHA,1870
MÜTZE,1870
LENNARD G,1870
BILLE,1870
KRZYSTOF F,1870
FABIAN D,1870
,1870
GIANLUCA F,1870
,63820
,40580
,30420
,24610
,19400
,14810
,10880
,8000
,6560
,5510
,5510
,4850
,4850
,4360
,4360
,3870
,3870
,3380
,3380
,3380
,3050
,3050
,3050
,2720
,2720
,2720
,2720
,2390
,2390
,2390
,2390
,2100
,2100
,2100
,2100
,2100
,2100
,2100
,2100
,1870
,1870
,1870
,1870
,1870
,1870
,1870
,1870
PEYMAN L,31110
GISLE ARNE O,22480
FREDERIK R,14330
WALDEMAR K,10870
YUN HO C,8400
SVEN R,6420
ABI MIESEN,5190
,31110
,22480
,14330
,10870
,8400
,6420
,5190
DANNY B,925
AFTER DARK ITN,10780
AMAR B,10320
JAN B,9190
NUTS,9170
ARTHUR D,8100
GIANLUCA F,3910
KAY S,2900
FLORIAN B,2130
ROCCO,1700
DJ BABYLON,1430
FELIX A,1430
SVEN R,1240
,1240
C.DARWIN2,1130
ALI K,1130
TOBIAS W,1020
MINH P,1020
ERIK C,920
DANIEL N,920
KILIAN K,920
WALDEMAR K,850
GÜNTHER S,850
COLONEL,850
,17020
,11520
,7680
,6290
,5050
,3910
,2900
,2130
,1700
,1430
,1430
,1240
,1240
,1130
,1130
,1020
,1020
,920
,920
,920
,850
,850
,850
PASCAL R,925
MICHAEL F,23060
IGOR K,20000
PATRICK L.PATRICK L.,11920
DENIZ G,9380
KAI D,7370
ALEXANDER G,5760
,4340
FELIX R,3020
MALTE E,2390
MANUEL G,1980
WOLFOFPOKER,1980
MARCEL D,1700
TOBIAS K,1700
,1480
PASCAL R,1480
MICHAEL O,1310
NADIR K,1310
DRAGAN S,1180
LARS W,1180
FRANK G,1180
IGOR D,1040
FRANK N,1040
NORBERT K,1040
HEIKO S,900
FELIX S,900
MORITZ W,900
SVEN S,900
MANUELA M,790
WALTER B,790
KABI K,790
EDIZ A,790
PHILIPP S,680
ALEKSANDR G,680
,680
MARC F,680
CLEMENS M,680
MALTE MICHAEL V,680
PAUL B,680
ALEXANDER H,680
PETER W,590
OLLILUSTER,590
KLAUS H,590
HERMANN MARCUS B,590
HARRY HIRSCH,590
JAN M,590
GRAVE,590
PETER F,590
PIERRE D,590
MINNIE MOUSE,590
JULIUS F,590
IRFAN D,590
NIKOLAS M,590
MAX MEISE,590
SONETSCHKO,590
JAZZMAN,590
MATTHIAS K,590
MIOMIR S,520
KAMRAN E,520
ERIK S,520
,520
OLIVER V,520
JENS D,520
PIOTR K,520
SCHIKAR J,520
CHRISTOPH ALFRED P,520
MICKEY MOUSE,520
PATRICK S,520
WUDDEL,520
JÖRG S,520
ENNO P,520
DAREK T,520
MICHA,720
EleftheriosM.,2610
NaserN.,2610
KrunoS.,1620
HasanK.,1150
HelgaD.,830
MarvinK.,630
KlausS.,420
TallalN.,310
JürgenF.,260
Norbert BubbleS.,150
SabriS.,1130
HaciÜ.,990
KlausS.,790
MatthiasB.,760
PaulB.,710
JürgenF.,310
HakanÖ.,210
TonyD.,160
DavidB.,130
MichelG.,100
BrankoS.,1260
MiladG.,1160
AchimG.,730
NaserN.,510
FikretA.,100
COBRA,850
MICHA,740
BRANKO SKOPJE,675
KAMBIZ K,650
DOMINIC T,640
WAGI,1240
ThomasK.,900
MEGASIGGI,660
JensL.,470
ThomasH.,340
HansS.,260
AhmetK.,170
WalterH.,130
MÜLLER,110
ThomasM.,920
FlorianB.,660
BrankoS.,645
MauriceW.,625
SimoneS.,530
W.,480
,1745
Megasiggi,1735
Grave,1735
Sonetschko,1735
Frank the Tank,1735
G.,620
BurkhardD.,410
AhmetS.,310
FrankM.,260
Bubble KERMIT,150
MaikH.,1340
TobiasG.,1010
FrankF.,750
ClemensG.,500
PatrickL.,340
OliverB.,250
Cobra,100
Branko SKOPJE,1440
ANDRZEJS.,1060
KEVENH.,760
NASERN.,530
DRAGAN BubbleS.,150
Cobra,666
HelgaD.,666
ChristianB.,666
Müller,666
Bubble,666
DominikR.,950
EdwardH.,890
ThorstenJ.,570
P.,410
K.,300
BjörnB.,220
MedinT.,150
AbdulrahmanA.,110
FrankF.,100
Frank BubbleZ.,100
TonyD.,570
Simone Mone,570
John,570
Hans,570
NaserN.,570
MalteB.,570
S.,1630
ThomasP.,1620
FaresH.,1570
ChristopherB.,1540
RamazanK.,1360
AlexanderS.,1070
KlausS.,390
RobertR.,290
MarioB.,240
ÖmerY.,150
Henry S.Henry S.,940
Oguz D.Oguz D.,940
Hasan K.Hasan K.,940
Branko S.Branko S.,940
Patrick L.Patrick L.,390
Malte B.Malte B.,290
Tahir C.Tahir C.,200
Sven N.Sven N.,150
Michaela H.Michaela H.,120
YasinT.,820
AndreeE.,815
DraganS.,815
MÜLLER,400
RACKETE,150
COBRA,1130
GeorgiosB.,1130
BIG FISH,700
PatrickS.,500
MichaelS.,380
HassanK.,270
Deller,180
TobiasS.,140
GHOST DOG,110
Bubble HamidF.,100
BOSMAN,2100
KERMIT,1700
HANNES B,1625
ANDREAS M,910
,660
HELGA D,500
SABRI S,330
STEFFEN J,250
CONG Y,210
OLIVER B,150
Bodinger,1400
,1010
,750
Branko Skopje,530
Alexs H,380
Clemens G,290
Nicole P,190
Jacek D,140
Christian S,120
Viktor G,100
,1290
BRANKOSKOPJE,950
MatthiasW.,680
Rackete,480
Most Wanted Bubble,100
Raisefold,1000
AndreasM.,750
Sonetschko,560
Müller,370
AndreasP.,250
KabirA.,190
WolfOfPoker,2045
MauriceW.,1955
MarioS.,1810
The Special One,1665
AlenB.,1655
Husam,610
G.,420
,300
OliverB.,240
DannyB.,150
JacekD.,1165
AhmadA.,1075
OguzD.,960
StephanA.,540
WilhelmA.,390
ÖzcanA.,290
OliverK.,200
OliverB.,150
MichaelH.,120
OliverO.,100
E.,1220
BrankoS.,1000
RomanD.,1000
BorisS.,530
MichaelaH.,100
DraganS.,100
Raisefold,675
Sonetschko,675
Wagi,675
,330
Frank The Tank,220
Bastos,170
Cancan,120
Abdulrahman A.Abdulrahman A.,120
unl.unl.,175
unl.unl.,175
unl.unl.,175
unl.unl.,175
unl.unl.,300
,1300
Branko Skopje,1300
Raisefold,790
Alex,550
Müller,100
,1725
Dony,1595
Thomas,1550
,1005
Mone,1005
Helga,1000
Cancan,350
Sebastian,260
Tobias,220
Görkem,100
Oliver,1400
,1010
Tobias,750
Michael,530
Michael,380
Branko Skopje,290
Melander,190
Mehdi,140
Mario,120
,100
YILMAZ T,655
VALENTINO S,655
BRANKO SKOPJE,655
LEGEND OF SCHENFELD,655
SCAREFACE,31265
DR.PDR.P,31250
BOZZ,17330
HAMBURG,13770
VITO,10800
RENATO,8460
CLEMENS M,6360
ÖZGÜR A,4520
MEGASIGGI,3600
MICHAEL W,2990
HERMANN MARCUS B,2990
POPEYE,2590
S. JACOBSS. JACOBS,2590
,2280
STEPHAN K,2280
DOMINATIONAKTION,2040
GRAF ZAHL,2040
VILEM V,1840
MINNIE MOUSE,1840
SUPERGROBI,1840
YUN HO C,1640
SILVAN,1640
,1640
JÖRG G,1450
ASCHIL H,1450
RASCHPLATZTAUBE,1450
JULIAN A,1450
MEHMOOD M,1250
MAURICE W,1250
LEGEND OF SCHENEFELD,1250
THOMAS S,1250
,1050
DAVID H,1050
DRAGAN S,1050
STAHLBETON,1050
,1050
HENDRIK R,1050
JAN G,1050
MEHDI T,1050
WALID,910
FISK,910
SKOOBY,910
PHILIP W,910
JÖRG K,910
FLORIAN H,910
NJEGOS V,910
TOBIAS B,910
MURAT O,910
HATTEBERG,910
MEDET K,910
,910
GOKU,910
THOMAS K,910
YILMAZ T,910
AKSHAY P,910
KABI K,840
ANDREAS M,840
MASSIMILIANO G,840
,840
JEPSER H,840
BRUCE LEE,840
,840
THAMMSKI,840
YASIN T,1050
MITSCHE,1050
DASKALOS,1050
BIG FISH,1050
GRAVE,2000
EJUP R,2000
,1050
DIRK L,390
HUSAM,290
SABRI S,240
ZORAN M,240
ISMET O,210
CONG Y,210
DEALER,190
,190
,38345
,24170
,17330
,13770
,10800
,8460
,6360
,4520
,3600
,2990
,2990
,2590
,2590
,2280
,2280
,2040
,2040
,1840
,1840
,1840
,1640
,1640
,1640
,1450
,1450
,1450
,1450
,1250
,1250
,1250
,1250
,1050
,1050
,1050
,1050
,1050
,1050
,1050
,1050
,910
,910
,910
,910
,910
,910
,910
,910
,910
,910
,910
,910
,910
,910
,910
,910
,840
,840
,840
,840
,840
,840
,840
,840
CLEMENS M,15885
SVEN R,10740
THOMAS P,6980
BOZZ,5780
PAY FOR MY AUDI,4660
,3680
EJUP R,2810
FRANK D,2120
BRANKO SKOPJE,1580
,1300
NIKOLAUS,1300
ANDREAS W,1140
CAM Y,1140
JAN R,1040
HERMANN MARCUS B,1040
FISK,990
JAN B,990
,15885
,10740
,6980
,5780
,4660
,3680
,2810
,2120
,1580
,1300
,1300
,1140
,1140
,1040
,1040
,990
,990
GÖRKEM G,1300
MICHAEL O,1290
,1290
ALEX,1290
HELGA D,1290
SONETSCHKO,1290
,1290
FRANK G,290
ALEXANDER H,240
HAIG M,150
Andre,1470
Cancan,1060
Victor,780
Mohammed,550
Daskalos,400
Markus,300
Tomasz,200
Oliver,150
Oliver,130
,100
FlorianN.,430
Kevin G.Kevin G.,2575
Andree E.Andree E.,2570
Peter F.Peter F.,1590
Tobias B.Tobias B.,1130
Enteng L.Enteng L.,820
Dieke M.Dieke M.,620
Nicolas F.Nicolas F.,410
Charlarr T.Charlarr T.,310
Michael O.Michael O.,260
Branko S.Branko S.,150
Andreas,1480
Amir,1080
Sensei HH,800
Olaf,570
Kevin,410
Cong,310
Frank,210
Frank,150
Tobias,130
Alin,2300
Minnie Mouse,2200
WolfOfPoker,2200
Mark,2040
Clemens,880
Frank,640
Mehdi,440
Lothar,320
Rainbär,250
Michael,150
,1210
OguzD.,1210
Sherlock,980
KevinG.,570
JulianV.,420
PatrickL.,310
MarioS.,210
DennisS.,160
Rackete,130
Bubble HaigM.,100
,2800
SONETSCHKO,1455
CHRISTIAN S,1455
FRANK S,1455
NASER N,1455
ÖZGÜR A,1455
CAGLAR A.CAGLAR A.,1455
NORBERT S,100
DRAGAN S,100
OLIVER B,100
Rostocker,1000
Ayhan B.Ayhan B.,1000
Cancan,740
Aschil H.Aschil H.,740
Mehdi T.Mehdi T.,740
Andreas P.Andreas P.,300
Oguz D.Oguz D.,200
,150
Patrick L.Patrick L.,130
Megasissi,100
SONETSCHKO,2395
DOSCHER,2395
VATOLOCO,1480
FRANZ,1050
SHERLOCK,770
Clemens G.Clemens G.,570
Oliver K.Oliver K.,380
Ayhan B.Ayhan B.,290
Sabastian N.Sabastian N.,240
Bubble Thorsten D.Thorsten D.,150
Mr. GrandeMr. Grande,730
Matthias W.Matthias W.,730
Jan G.Jan G.,730
Scher A.Scher A.,730
Aschil H.Aschil H.,725
Felix S.Felix S.,725
Cash Tank,190
Tomasz B.Tomasz B.,140
Andrzej S.Andrzej S.,120
Müller,62
Christoph L.Christoph L.,62
Sherlock,62
Anton F.Anton F.,62
ÖZGÜR A,1665
FABIAN C,1665
NIKOLAUS,1665
MAURICE W,1665
BRANKO SKOBJE,1665
KUOLAK,590
HENDRIK K,390
MOHAMMAD Q,300
CANCAN,250
Bubble,150
TomaszB.,1250
GeorgiosB.,1130
MarcP.,820
ShahroozS.,540
,390
Cancan,290
S.,200
JulianV.,150
MalteJ.,120
,100
Skooby,550
Sami F.Sami F.,550
,550
Serkan A.Serkan A.,550
Branko Skopje,550
Ömer,1560
Branko Skopje,1150
Frank,820
Enes,570
CHRISTIAN S.CHRISTIAN S.,25190
SVEN R.SVEN R.,17780
ESSCO,11860
LAUCHZWIEBEL,8520
MAXIMILIAN S.MAXIMILIAN S.,6300
ANGLER,4450
Lars H.Lars H.,55950
Anders A.Anders A.,37230
Jesper H.Jesper H.,27230
Sickthsense,21980
Mick H.Mick H.,17230
,13040
Advokat,9580
Walid,7040
Walter B.Walter B.,5840
Dirk L.Dirk L.,4890
Clemens M.Clemens M.,4890
PZWG,4270
Outlier,4270
Appleman,3850
Njegos V.Njegos V.,3850
Lami,3440
Tofu,3440
Peter J.Peter J.,3020
Matthias P.Matthias P.,3020
C.Darwin2,3020
Ibrahim I.Ibrahim I.,2740
Shengcchao Z.Shengcchao Z.,2740
Robert S.Robert S.,2740
Popeye,2460
Brenner Toni,2460
Stephan K.Stephan K.,2460
Bromantiker,2460
Rene P.Rene P.,2180
Hamburg,2180
Scelmo,2180
Hans M.Hans M.,2180
Eduardo H.Eduardo H.,1930
Rasmus A.Rasmus A.,1930
Iyassu,1930
Leon E.Leon E.,1930
Mario S.Mario S.,1930
Nero,1930
Mephisto,1930
Hatteberg,1930
,25190
,17780
,11860
,8520
,6300
,4450
,55950
,37230
,27230
,21980
,17230
,13040
,9580
,7040
,5840
Dirk L.Dirk L.,4890
Clemens M.Clemens M.,4890
PZWG,4270
Outlier,4270
Appleman,3850
Njegos V.Njegos V.,3850
Lami,3440
Tofu,3440
Peter J.Peter J.,3020
Matthias P.Matthias P.,3020
C.Darwin2,3020
Ibrahim I.Ibrahim I.,2740
Shengcchao Z.Shengcchao Z.,2740
Robert S.Robert S.,2740
Popeye,2460
Brenner Toni,2460
Stephan K.Stephan K.,2460
Bromantiker,2460
Rene P.Rene P.,2180
Hamburg,2180
Scelmo,2180
Hans M.Hans M.,2180
Eduardo H.Eduardo H.,1930
Rasmus A.Rasmus A.,1930
Iyassu,1930
Leon E.Leon E.,1930
Mario S.Mario S.,1930
Nero,1930
Mephisto,1930
Hatteberg,1930
,55950
,37230
,27230
,21980
,17230
,13040
,9580
,7040
,5840
,4890
,4890
,4270
,4270
,3850
,3850
,3440
,3440
,3020
,3020
,3020
,2740
,2740
,2740
,2460
,2460
,2460
,2460
,2180
,2180
,2180
,2180
,1930
,1930
,1930
,1930
,1930
,1930
,1930
,1930
Serkan A.Serkan A.,18870
Bozz,12760
Florian B.Florian B.,8290
Hamburger Jung,6870
,5540
Rufus,4370
Clemens M.Clemens M.,3340
Andreas W.Andreas W.,2510
Fisk,1880
Durr,1540
,1540
Essco,1350
Der Esel,1350
Doscher,1240
Olli N,1240
Reza C,1180
Chininhaltig,1180
,18870
,12760
,8290
,6870
,5540
,4370
,3340
,2510
,1880
,1540
,1540
,1350
,1350
,1240
,1240
,1180
,1180
,17082
Hubert B.Hubert B.,17082
Ayhan B.Ayhan B.,9860
Garfild,7940
Ralph K.Ralph K.,6230
Hudson Hawk,4750
,3370
,2670
C.Darwin1,2130
Niklas R.Niklas R.,1760
Rene M.Rene M.,1760
Ramazan K.Ramazan K.,1550
Yasar K.Yasar K.,1550
Mehdi,1390
Jeromino,1390
Branko Skopje,1240
DJ Babylon,1240
Earl Hickey,1240
ALexander H.ALexander H.,1080
Der Esel,1080
Turkishfish,1080
AACI,980
Nomad,980
Mr. GrandeMr. Grande,980
Renato G.Renato G.,870
Michael,870
Yashar K.Yashar K.,870
Phil Müller,770
Harry Hurtig,770
Irsan S.Irsan S.,770
Jaqueline D.Jaqueline D.,770
Bülent E.Bülent E.,670
Jonas R.Jonas R.,670
Jens Jörg P.Jens Jörg P.,670
Daniel B.Daniel B.,670
Daniel S.Daniel S.,670
Jan C.Jan C.,670
Scher A.Scher A.,630
Stefan G.Stefan G.,630
Husam,630
Odin,630
Henrix,630
Finn C.Finn C.,630
Fabian P.Fabian P.,630
Dennis R.Dennis R.,630
,20935
,13230
,9860
,7940
,6230
,4750
,3370
,2670
,2130
,1760
,1760
,1550
,1550
,1390
,1390
,1240
,1240
,1240
,1080
,1080
,1080
,980
,980
,980
,870
,870
,870
,770
,770
,770
,770
,670
,670
,670
,670
,670
,670
,630
,630
,630
,630
,630
,630
,630
,630
Hasan K,20785
,14340
Main Event,58170
High Roller Matthias R.Matthias R.,32590
Hasan K,12540
Mohammad Q,4690
COBRA1100€ T.+50€,1100
Andrzej1100€ T.+50€,1100
TOMMY T.G.1100€ T.+50€,1100
Mohammed1100€ T.+50€,1100
MarkusN.,150
Sherlock,1100
DraganS.,1100
Branko Skopje,1100
Müller,1100
AndrzejS.,1100
NejatG.,215
G.,215
Sherlock,1000
Quoc Duc N,1000
Skooby,1000
ThomasP.,1000
RobertE.,1000
Velöd,1000
,15570
DENNIS A,10370
DENIS D,7280
DIETER S,5900
SKOOBY,4630
ERCAN A,3510
BRUCE LEE,2560
BRANKO SKOPJE,1870
,1550
C.DARWIN2,1310
,1310
DIRK V,1170
ANDREAS V,1170
AMIR P,1060
JACEN,1060
ZANEGAR,960
GERD MÜLLER,960
SVEN T,850
CARSTEN S,850
LAVIT,850
SEBASTIAN O,780
ÖMER Y,780
PIT FRICKER,780
SONETSCHKO,700
PIOTR K,700
ANDREAS P,700
NIDAS,700
MICAH H,630
BASTOS,630
DIRK M,630
,15570
,10370
,7280
,5900
,4630
,3510
,2560
,1870
,1550
,1310
,1310
,1170
,1170
,1060
,1060
,960
,960
,850
,850
,850
,780
,780
,780
,700
,700
,700
,700
,630
,630
,630
PIT FRICKER,9670
,7450
DRR PEPPER,7230
THOMAS G,6975
JOE COCKER JR,5950
,5810
PILLE PROMILLE,5715
SPARTA,1840
OLLILUSTER,1520
,1290
AMIR P,1290
,1150
ALEXOS,1150
XATAR,1040
ÖMER Y,1040
CLEMENS G,940
ROBERT E,940
CHRISTIAN R,830
RAMBO,830
THE G,830
BRANKO SKOPJE,760
ZLATIBOR D,760
NIMA R,760
GORAN M,690
DONY,690
ADRIATIK A,690
IGOR K,690
DINO,620
HATTA,620
VITO,620
,15225
,10170
,7140
,5790
,4530
,3440
,2510
,1840
,1520
,1290
,1290
,1150
,1150
,1040
,1040
,940
,940
,830
,830
,830
,760
,760
,760
,690
,690
,690
,690
,620
,620
,620
WALID,11970
NEMO,11970
SHERLOCK,7500
,7500
RAMBO,4610
JACEN,3500
SONETSCHKO,2550
BLACKMAMBA,1870
MEHMOOD M,1550
PETER W,1310
CHRISTIAN F,1310
HERMANN B,1170
JÖRN V,1170
ALPHASNOOPEY,1060
JAZZMAN,1060
,950
HANDBASKET,950
JENS L,840
MURAT O,840
NILS R,840
FRANK S,770
DIRK V,770
CHRISTIAN R,770
CAGLAR A,700
SIAMAK A,700
BIROL S,700
GERD E,700
VITO,630
MINNIE MOUSE,630
NORBERT S,630
,15495
,10330
,7250
,5880
,4610
,3500
,2550
,1870
,1550
,1310
,1310
,1170
,1170
,1060
,1060
,950
,950
,840
,840
,840
,770
,770
,770
,700
,700
,700
,700
,630
,630
,630
,2985
ACHIM W,2070
GERD MÜLLER,1380
,1030
PAY FOR MY AUDI,830
NJEGOS V,670
BILLE,530
DONY,400
ROBERT R,300
ALICO,240
DIERK F,240
FELIX R,210
JOSE MORENO B,210
,200
RENE M,200
ULRICH P,20060
PIZARRO,24130
BJÖRN C,17490
LAMI,11530
JAN S,9220
BRUCE LEE,6980
LAYSLIGHT,5420
NIKLAS K,5000
HASAN K,3060
NICK LAVIT,2570
TANGO,2570
HAMBURG,2220
AYHAN B,2220
MARC PHILIP F,2000
GERD MÜLLER,2000
HAMBURG,1780
DAREK T,1780
ALI A,1570
DIMITRI S,1570
MARCO D,1570
ANDREAS K,1400
DANIEL B,1400
COBRA,1400
BRANKO SKOPJE,1250
PETER W,1250
DR. PDR. P,1250
BILLE,1140
MÜTZE,1140
HERMANN MARCUS B,1140
MIRI H,1140
VIKTOR W,1050
ADRIATIK A,1050
MILFHUNTER,1050
,1050
JULIEN C,1050
,29510
,19140
,14320
,11530
,9220
,6980
,5420
,3710
,3060
,2570
,2570
,2220
,2220
,2000
,2000
,1780
,1780
,1570
DIMITRI S,1570
MARCO D,1570
ANDREAS K,1400
DANIEL B,1400
COBRA,1400
BRANKO SKOPJE,1250
PETER W,1250
DR. PDR. P,1250
BILLE,1140
MÜTZE,1140
HERMANN MARCUS B,1140
MIRI H,1140
VIKTOR W,1050
ADRIATIK A,1050
MILFHUNTER,1050
,1050
JULIEN C,1050
HAMBURG,9740
BRANKO,6950
STEFAN S,4870
JAN G,3550
MAX B,2640
MARIO W,1910
MICKEY MOUSSE,1290
BJÖRN M,940
BLACK MAMBA,730
DER LEHRER,590
M. HARTMANNM. HARTMANN,520
IGOR K,520
HERMANN B,520
KLAUS H,550
MICHAEL O,550
MICHAEL Z,550
CHRISTIAN B,550
NIKLAS K,550
HELGI ERNST M,550
NIKLAS R,550
JOE COCKER JR,550
VICTOR,550
BOCKOLLOS,550
NASAR N,550
WUDDEL,550
DRAGAN S,550
MICHAEL K,550
M. HARTMANNM. HARTMANN,550
BOL SANS,550
YVONNE F,550
HÜSEYIN C,550
,9740
,6950
,4870
,3550
,2640
,1910
,1290
,940
,730
,590
,520
,520
,520
MIMO,30
,30
HASAN K,30
ANDREE E,30
MATTHIAS K,30
COBRA,30
CARLOS S,30
MICHAEL R,30
MARIO S,30
PETER W,30
Bubble JOACHIM K,150
MEHDI T,9435
DRAGAN S,9425
A.R.A.R.,8510
NORBERT K,8290
,7730
,3480
PATRICK L.PATRICK L.,2540
GREENMAN,1860
ÖMER Y,1540
MATTHIAS F,1300
ENIS H,1300
ABDULRAHMAN A,1160
GUIDO N,1160
NINUS S,1050
ADVOKAT,1050
FIKRET A,950
CLEMENS M,950
HEIKO S,840
FIRAT A,840
MARKUS B,840
KAHL,770
SVEN T,770
BALKAN,770
MOSAA,700
TOMMY T.G.TOMMY T.G.,700
FABIAN D,700
CHRISTIAN J,700
MICK H,630
CAGLAR A,630
HASAN K,630
,15430
,10290
,7220
,5860
,4590
,3480
,2540
,1860
,1540
,1300
,1300
,1160
,1160
,1050
,1050
,950
,950
,840
,840
,840
,770
,770
,770
,700
,700
,700
,700
,630
,630
,630
AC Deepstack,330
Monster,330
Challenge,220
ROBERT S,28080
TIM O,28080
MATTHIAS P,15780
MUSA Z,12790
MOZART,10020
BRUNO B,7610
MAX KOHLE,5560
ANDY HILLS,4060
CAGLAR A,3360
HAKAN SÜKÜR,2850
,2850
JEFFREY G,2540
DERJO,2540
DER APFELKUCHEN,2300
DR.P.DR.P.,2300
BAHADIR K.BAHADIR K.,2070
KABI K.KABI K.,2070
PATRICK L.PATRICK L.,1840
MICHAELA J.MICHAELA J.,1840
VITO,1840
ALEXANDER,1680
MALIK G.MALIK G.,1680
MARC PHILLIP F.MARC PHILLIP F.,1680
MARCUS V.MARCUS V.,1520
BASSIM,1520
MOHAMMAD,1520
DR ACULA,1520
NICLAS M.NICLAS M.,1370
MR. ROBOTMR. ROBOT,1370
CHRISTIAN STRATMEYER,1370
,33690
,22470
,15780
,12790
,10020
,7610
,5560
,4060
,3360
,2850
,2850
,2540
,2540
,2300
,2300
Bahadir K.Bahadir K.,2070
Kabi K.Kabi K.,2070
Patrick L.Patrick L.,1840
Michaela J.Michaela J.,1840
Vito,1840
Alexander B.Alexander B.,1680
Malik G.Malik G.,1680
Marc-Philip F.,1680
Marcus V.Marcus V.,1520
Bassim B.Bassim B.,1520
Mohammad Q.Mohammad Q.,1520
Dr. AculaDr. Acula,1520
Nikolas M.Nikolas M.,1370
Mr. RobotMr. Robot,1370
Christian S,1370
,10325
JASCHA,7480
FIKRET A,5520
ROMAN G,3920
SSIL W,2850
ANDRZEJ S,2140
THOMAS P,1430
MICKEY MOUSE,1070
NADHIR G,890
,204
,10325
,7480
,5520
,3920
,2850
,2140
,1430
,1070
,890
MOHAMMAD Q,4690
ADVOKAT,4000
AACI,2370
F. JUNGEF. JUNGE,1780
RAVI G,1420
S. JACOBSS. JACOBS,1150
THOMAS M,910
ROMAN D,690
DRAGAN S,510
ABDULRAHMAN A,410
MIROSLAV M,410
,370
ALEXANDER N,370
DER LEHRER,340
ROBERT E,340
HASAN K,12540
BÄCKERMEISTER,12540
HAKAN SÜKÜR,6840
LUCKYPAD,5130
JULES,4100
CANCAN,3310
MR. GRANDEMR. GRANDE,2620
KAHL,2000
ROBERT R,1480
MOHAMMAD Q,1200
FRANK S,1200
INGRID H,1050
ANDREAS K,1050
ZARATHUSTRA,970
TOBIAS S,970
,58170
Glitchsystem,55900
Stiffler,32970
A.R.A.R.,26540
Max Color,20810
Walid,15890
Anders B.Anders B.,11250
Sören J.Sören J.,8930
Steven A.Steven A.,7140
,5870
Dimitri,5870
Harry Hirsch,5170
Parwesh K.Parwesh K.,5170
Jesper F.Jesper F.,4640
Mozart,4640
Tosch L.Tosch L.,4150
Nic the Quick,4150
Clemens M.Clemens M.,4150
Karl Ludwig,3620
Benjamin K.Benjamin K.,3620
Sami J.Sami J.,3620
Anders A.Anders A.,3270
David M.David M.,3270
Michael S.Michael S.,3270
Davor B.Davor B.,2920
Jesper H.Jesper H.,2920
Robert R.Robert R.,2920
Suksan P.Suksan P.,2570
Sabri S.Sabri S.,2570
Gerd,2570
Florian B.Florian B.,2570
Rocco,2250
Leonida M.Leonida M.,2250
Gerd Müller,2250
Ali K.Ali K.,2250
After Dark ITM,2250
Thorben V.Thorben V.,2250
Bruno B.Bruno B.,2110
Branko Skopje,2110
Tobias S.Tobias S.,2110
Adrian A.Adrian A.,2110
Andreas G.Andreas G.,2110
Costar,2110
Wildfuchs,2110
Diether G.Diether G.,2110
,14820
,10260
,6840
,5130
,4100
,3310
,2620
,2000
,1480
,1200
,1200
,1050
,1050
,970
,970
,69850
,44220
,32970
,26540
,20810
,15890
,11250
,8930
,7140
,5870
,5870
,5170
,5170
Jesper F.Jesper F.,4640
Mozart,4640
Tosch L.Tosch L.,4150
Nic the Quick,4150
Clemens M.Clemens M.,4150
Karl Ludwig,3620
Benjamin K.Benjamin K.,3620
Sami J.Sami J.,3620
Anders A.Anders A.,3270
David M.David M.,3270
Michael S.Michael S.,3270
Davor B.Davor B.,2920
Jesper H.Jesper H.,2920
Robert R.Robert R.,2920
Suksan P.Suksan P.,2570
Sabri S.Sabri S.,2570
Gerd,2570
Florian B.Florian B.,2570
Rocco,2250
Leonida M.Leonida M.,2250
Gerd Müller,2250
Ali K.Ali K.,2250
After Dark ITM,2250
Thorben V.Thorben V.,2250
Bruno B.Bruno B.,2110
Branko Skopje,2110
Tobias S.Tobias S.,2110
Adrian A.Adrian A.,2110
Andreas G.Andreas G.,2110
Costar,2110
Wildfuchs,2110
Diether G.Diether G.,2110
,69850
,44220
,32970
,26540
,20810
,15890
,11250
,8930
,7140
,5870
,5870
,5170
,5170
,4640
,4640
,4150
,4150
,4150
,3620
,3620
,3620
,3270
,3270
,3270
,2920
,2920
,2920
,2570
,2570
,2570
,2570
,2250
,2250
,2250
,2250
,2250
,2250
,2110
,2110
,2110
,2110
,2110
,2110
,2110
,2110
MATTHIAS R.MATTHIAS R.,32590
CLEMENS B.CLEMENS B.,30000
MICHAL M.MICHAL M.,19120
DAREK T.DAREK T.,13330
JACK THE RIPPER,9270
MR. GRANDEMR. GRANDE,6950
ANDREAS G.ANDREAS G.,4640
THOMAS M,1100
DIRK B,1100
PIPOINZAGHI,1100
ROBERT R,1100
ADRIATIK A,1100
JAN M,1100
EMRAH C,1100
RACKETE,1100
KAZEM V,1100
S. JACOBSS. JACOBS,1100
CHRISTIAN I,1100
TOBIAS P,1100
LEVAN R,1100
JOSE MORENO B,662
,37090
,25500
,19120
,13330
,9270
,6950
,4640
,14340
Minh,13000
,7420
Andreas W.Andreas W.,5810
Klaus M.Klaus M.,4680
Denis D.Denis D.,3650
Willm E.Willm E.,2890
Joshua G.Joshua G.,2250
Dierk F.Dierk F.,1700
Mohammad V.Mohammad V.,1310
Layslight,1310
Spanier,1220
Zlatan,1220
ROLAND R2.200 Ticket + 9 €,2200
ROBERT E2.200 Ticket + 9 €,2200
THOMAS M2.200 Ticket + 9 €,2200
CHRISTIAN V2.200 Ticket + 9 €,2200
BUFFALO BILL2.200 Ticket + 9 €,2200
VOLKAN K2.200 Ticket + 9 €,2200
COBRA2.200 Ticket + 9 €,2200
BENJAMIN R2.200 Ticket + 9 €,2200
,16120
,11220
,7420
,5810
,4680
,3650
,2890
,2250
,1700
,1310
,1310
,1220
,1220
PATRICK F1.100 Ticket + 50 €,1100
AXEL H1.100 Ticket + 50 €,1100
STEFFEN B1.100 Ticket + 50 €,1100
WALID A1.100 Ticket + 50 €,1100
BRUNO B1.100 Ticket + 50 €,1100
Die Konkurrenz1.100 Ticket + 50 €,1100
BOL SANS1.100 Ticket + 50 €,1100
PIPOINZAGHI1.100 Ticket + 50 €,1100
COBRA1.100 Ticket + 50 €,1100
BUFFALO BILL1.100 Ticket + 50 €,1100
PETER F1.100 Ticket + 50 €,1100
FRANS1.100 Ticket + 50 €,1100
AACI1.100 Ticket + 50 €,1100
KLAUS H1.100 Ticket + 50 €,1100
YVONNE F.YVONNE F.,700
HASAN K,20785
JOHANNES W,13160
GERD MÜLLER,9810
LAYSLIGHT,7900
STEFAN G,6190
ALIN P,4730
ZOCKERDIMA,3450
JOERG M,2550
JAN G,2120
STEFAN S,1730
FELIX A,1730
,1520
MARCO POLO,1520
MARCEL D,1360
JOSHUA G,1360
MARTIN B,1360
ERAY A,1230
SUKSAN P,1230
MICHAEL B,1080
,1080
AXEL H,1080
MERAB M,970
,970
MAXIMILIAN M,970
ZE ROBERTO,870
ALEXANDER N,870
ENNO P,870
BORIS M,760
ADVOKAT,760
CAGLAR A,760
OLIVER N,760
BOSMAN,670
BENJAMIN S,670
SONIE S,670
PARWESH K,670
BOL SANS,670
CHRISTIAN R,670
BENJAMIN R,630
IRFAN D,630
TIM G,630
WOLFGANG M,630
FRANK S,630
JOE COCKER JR,630
,630
DIRK M,315
TOMISLAV M,315
,20795
,13160
,9810
,7900
,6190
,4730
,3470
,2550
,2090
,1760
,1760
,1550
,1550
,1390
,1390
,1180
,1230
,1230
,1080
,1080
,1080
,970
,970
,970
,870
,870
,870
,760
,760
,760
,760
,670
,670
,670
,670
,670
,670
,630
,630
,630
,630
,630
,630
,630
,630
EdvinO.,1100
DraganS.,1100
JacobsS.,1100
Costar,1100
ZiyaO.,1100
TommyO.,625
Deniz1100€ T. + 55€,1100
Piedro1100€ T. + 55€,1100
Rizkallah1100€ T. + 55€,1100
Alen1100€ T. + 55€,1100
Bektan1100€ T. + 55€,1100
Miroslav1100€ T. + 55€,1100
JacobusR.,370
JoshauaG.,1100
DietmarS.,1100
BasiruJ.,1100
G.,1100
ÖmerY.,1100
FrankZ.,1100
Bubble DirkB.,270
BrankoS.,1100
IrfanD.,1100
Karl Ludwig,1100
AlenB.,1100
TahirC.,1100
HeinzB.,1100
ErcanD.,1100
NilsM.,1100
NicoD.,1100
TahirC.,1100
MatthiasR.,1100
FrankS.,1100
QuasimM.,1100
PatrickL.,1100
MorvaridH.,1100
MichaelS.,1100
AlinP.,1100
Hans Dirk1100€ T. +55€,1100
Vedran1100€ T. +55€,1100
Miriam1100€ T. +55€,1100
Branko1100€ T. +55€,1100
Oguz1100€ T. +55€,1100
OliverK.,425
BrankoTicket 1.110€ + 55€,1110
HamedTicket 1.110€ + 55€,1110
TimoTicket 1.110€ + 55€,1110
KrunoslavTicket 1.110€ + 55€,1110
G.,680
MichaelTicket 1.100€ +50€,1100
BlerimTicket 1.100€ +50€,1100
RobertTicket 1.100€ +50€,1100
WilhelmTicket 1.100€ +50€,1100
GüntherW.,200
MICKEY MOUSE,15750
HASAN K,10530
FRANK M,7110
BENNET S,5810
EDUARD S,4580
SIMKE S,3520
SIAMAK A,2570
ZE ROBERTO,1860
CHRISTIAN R,1530
,1300
CHRISTIAN K,1300
HENDRIK R,1130
,1130
FABIAN D,1030
MOHAMMAD Q,1030
KAHL,920
DRAGAN S,920
SASCHA K,920
NASAR N,820
MARIO S,820
ANDREAS O,820
PATRICK LORENZ,750
OLIVER N,750
LE PROFESSOR,750
MICHAEL B,750
,15750
,10530
,7110
,5810
,4580
,3520
,2570
,1860
,1530
,1300
,1300
,1130
,1130
,1030
,1030
,920
,920
,920
,820
,820
,820
,750
,750
,750
,750
JOSHUA GEBISSA,18420
HENDRIK R,12720
HASAN K,8840
SONETSCHKO,6430
HONEYMAKER,4660
PATRICK L,3390
U.N.V.E.V.U.N.V.E.V.,2190
JACEN,1590
THORSTEN H,1240
MATTHIAS K,950
HERMANN MARCUS B,710
FISHRAM,710
MICHAEL O,710
OGUZ D,600
MARIAN LE,600
CHRISTIAN V,600
HAKAN SÜLEUR,490
ANDREAS V,490
ZWIRBEL,490
FEYLO,490
MARCO L,460
JENNA,460
KLAUS H,460
NENAD S,460
MORTEN O,420
NIKLAS R,420
TOMMY T.G.TOMMY T.G.,420
DENNIS N,420
,420
JONAS B,420
,18420
,12720
,8840
,6430
,4660
,3390
,2190
,1590
,1240
,950
,710
,710
,710
,600
,600
,600
,490
,490
,490
,490
,460
,460
,460
,460
,420
,420
,420
,420
,420
,420
MEGASIGGI,4095
PASCAL BORKOWSKI,2525
,2480
CHRISTIAN STOBOY,2055
MARCEL BOLT,1995
PATRICK COHRS,900
ALEXOS,610
CARLOS SPODDIG,440
TIC TAC,340
FEYLO,260
MARIO SCHULZ,210
CHRISTIAN INSELMANN,210
SONNETSCHKO,210
ZLATIBOR DUJKOVIC,170
BRANKO,170
MARCO WODRICH,170
NIKOLAS,160
,160
ORGANISATOR,160
CHRISTOS,160
,4630
,3290
,2310
,1680
,1240
,900
,610
,440
,340
,260
,210
,210
,210
,170
,170
,170
,160
,160
,160
,160
TOBIAS BERBEN,1305
EDVIN OSMANI,1000
MATTHIAS SCHOMBURG,1000
,1000
RENE WULLBRAND,460
KEVIN CORTS,360
ANDREE ELENDT,290
CIHAN TOKTAS,230
,150
DIMITRI STEINFEUER,36035
ZARATHUSTRA,23500
HEINZ BERGMANN,17500
MUHARREM BILGIN,17500
MANUEL GARCIA GONZALEZ,9660
BLACK BARON,7140
DIRK VOLQUARDSEN,4610
BE COOL,3350
NICK THE QUICK,2600
RASCHPLATZTAUBE,2010
BRANKO,1490
STEFAN SCHMIDT,1490
AACI MAGIC,1490
SÖNKE HANSEN,1260
ALEXANDER KELLER,1260
BERBEN,1260
SPEER,1040
MATTHIAS SCHOMBURG,1040
REIN DIE STEINE,1040
EAZY,1040
LEWE THIESEN,970
ERCAN ACAR,970
Thomas Schwanbeck,970
Advokat,970
Andreas Ulrich,890
Mike Nguyen,890
Lehrer,890
Reiner Packross,890
Michael Oswald,820
Thomas Kazemieh,820
Bruce Lee,820
Herbert Knebel,820
Eiskönig,820
Sherlock,820
,37145
,25870
,18140
,13380
,9660
,7140
,4610
,3350
,2600
,2010
,1490
,1490
,1490
,1260
,1260
,1260
,1040
,1040
,1040
,1040
,970
,970
Thomas Schwanbeck,970
Advokat,970
Andreas Ulrich,890
Mike Nguyen,890
Lehrer,890
Reiner Packross,890
Michael Oswald,820
Thomas Kazemieh,820
Bruce Lee,820
Herbert Knebel,820
Eiskönig,820
Sherlock,820
MICKEY MOUSE,6465
VITO,4690
HERMANN MARCUS BEHRENS,3350
BRANKO,2370
,1740
DER BANGER,1270
FABIAN DEMAND,870
SCHMIDDEL,620
OLIVER K.OLIVER K.,490
ETHEREUM,450
MR. GRANDEMR. GRANDE,200
REINHARD NACK,20
VEDAT COKNEZ,20
MIKE SCHMIDT,20
HELGI ERNST MÜNSTER,20
TIMO JAN JOBMANN,20
CARLOS SPODDIG,20
WALDEMAR KOPYL,20
CHRISTOPHER B.CHRISTOPHER B.,20
JOSE MORENO BACALLA,20
PATRICK LORENZ,20
TOBIAS KLEIPODSZUS,20
DIEKE MEYER,20
MICHAEL WITTER,20
NADIR ARSLAN,20
UWE GERSTL,20
JASMINKO HASANOVIC,20
MARKUS KENTZLER,20
,6515
,4730
,3380
,2390
,1760
,1280
,880
,630
,500
,450
DierkF.,550
GoranM.,550
TahirC.,550
BrankoS.,550
DraganS.,550
JohannesH.,550
AlexanderG.,550
MuharremB.,550
HeinzB.,550
ChristianR.,550
ThomasW.,550
PATRICK LORENZ,5982
CARLOS SPODDIG,5982
PIT FRICKER,4750
RIZKALLAH,4750
KEVIN CORTS,2134
MICHAELLA HEINBOCKEL,1670
KARSTEN HEINBOCKEL,1299
NOAH EL AMMAR,1114
BRANKO,974
DAVOR BENDIN,835
HEINZ BERGMANN,742
SETI,742
,742
CHRISTOS,673
INSANE,673
OANH NGUYEN,673
KEMALETTIN CEYLAN,603
BENJAMIN MARIO REINCKE,603
ZWIRBEL,603
RAINER LAUE,534
SERGEJ WUNDERLICH,534
FALCO TIETJEN,534
MERGIM NIKOLIQI,464
CHRISTOPHER BERNARD,464
,464
JASMINKO HASANOVIC,464
OKE LOOFT,464
CHRISTIAN EBERT,394
VITKOR KATONA,394
SONNENSCHEIN,394
THOMAS MERTEN,394
MARKUS KENTZLER,394
CHRISTIAN FRÖMKE,394
MAIKEL,394
,348
GERD KOWALSKI,348
NORBERT STROMINSKI,348
ENRICO BONKE,348
,348
KEVIN KÜPPER,348
WALID,348
AMADI,348
THORSTEN HOLST,348
LEWE THIESEN,348
FRANK SCHMIDT,348
PZWG,348
CARLOS SPODDIG,15695
DAREK TOBAJ,15500
MERAB MELADZE,8870
CHRIS GAZELLE,6460
POMMES,4680
MICK HEDER,3410
TOMMY T. G.TOMMY T. G.,2200
BRANKO,1600
STEVO,1240
BEHZAD ZARNEGAR,960
STEFFEN BODDIN,710
ALEXANDROS,710
ZLATIBOR DUJKOVIC,710
BILLE,600
,600
DR. SUDR. SU,600
CAGLAR AYTEKIN,500
BAGGERSOHN,500
JOHANNES WAßMUTH,500
APOSTOLOS TSIKARIS,500
JONNY BLUE,460
JOACHIM LESKE,460
SASA PILJANOVIC,460
MR. XMR. X,460
HASAN KILINC,430
MARC FISCHER,430
CHRISTIAN INSELMANN,430
ANDREAS PIDDE,430
CHARLENE,430
TOM QUANTER,430
HANNO OFFEN,33570
SAMI JACOBS,23260
JACEM,16150
TANAKA,11760
NADIR ARSLAN,8530
BJÖRN CARSTENSEN,6200
,4010
VIKING,2910
MICKEY MOUSE,2260
MANDRAKE,1740
MICHAEL OSWALD,1290
DONALD TRUMPF,1290
FELIX,1290
ERKAN YILDIRIM,1100
KATONA,1100
JOBBI,1100
ANDY STONE,900
JENS PETER THOMSEN,900
WILDFUCHS,900
CARSTEN SCHUMACHER,900
BLACK MAMBA,840
BUMBELOW,840
CHRISTIAN FRÖMKE,840
MOJO,840
B.LOVEB.LOVE,780
OGUZ DILGIN,780
VAFA,780
SOETSCHKO,780
DOLLAHECHT,780
DIMITRI STEINFEUER,780
,33570
,23260
,16150
,11760
,8530
,6200
,4010
,2910
,2260
,1740
,1290
,1290
,1290
,1100
,1100
,1100
,900
,900
,900
,900
,840
,840
,840
,840
,780
,780
,780
,780
,780
,780
Fisk,5250
DJ Babylon,5400
Christian T.Christian T.,5390
Stefan S.Stefan S.,4920
Max B.Max B.,4190
Edvin O.Edvin O.,1610
Bubble Laszlo B.Laszlo B.,500
CARLOS SPYDER,550
TOMMY O.TOMMY O.,550
LENNY M.LENNY M.,550
TURGUT D.TURGUT D.,550
CHRISTIAN I.CHRISTIAN I.,550
MICHAELA J.MICHAELA J.,550
HENRY S.HENRY S.,550
MICHAEL D.MICHAEL D.,550
AMIR P.AMIR P.,550
RIZKALLAH K.RIZKALLAH K.,550
MIRCO P.MIRCO P.,550
MATTHIAS K.MATTHIAS K.,550
ERCAN A.ERCAN A.,550
SELMAN B.SELMAN B.,550
,8725
,6540
,4910
,3270
,2180
,1640
KastriotE.,550
AlemS.,550
FranzB.,550
OdyssefsK.,550
HolgerK.,550
MehdiT.,550
NejatG.,550
WilhelmA.,550
VedranM.,550
TemelS.,550
MiroslavM.,550
Pedram Pirayesh,13280
Cirk,12050
Gregor,11070
Tanaka,9370
Dirk B.Dirk B.,4720
Thorsten W.Thorsten W.,3420
Christian B.Christian B.,2260
Wilhelm A.Wilhelm A.,1570
Michael W.Michael W.,1270
Niels T.Niels T.,990
Andreas W.Andreas W.,790
Vedran,790
Alem S.Alem S.,790
Flüchtling,650
Norbert K.Norbert K.,650
Stefan T.Stefan T.,650
Suskan P.Suskan P.,550
Jose Moreno B.Jose Moreno B.,550
Uwe B.Uwe B.,550
Michaela J.Michaela J.,550
Chrestian,480
Lewe T.Lewe T.,480
,480
Andrea S.Andrea S.,480
,17890
,12650
,8760
,6430
,4720
,3420
,2260
,1570
,1270
,990
,790
,790
,790
,650
,650
,650
,550
,550
,550
,550
,480
,480
,480
,480
,6
,4
,4
,4
,4
,1
,1
,89000
,72000
,59500
,51500
,45500
,40500
,40500
,40500
WILHELM AXER,23500
DASKALOS,20700
OUTLIER,18000
YILDIRAY CAM,15000
D.S.D.S.,8050
DENNIS WILKE,5840
STEFAN SCHMIDT,3970
JAMILA VON PERGER,2840
HANNO OFFEN,2210
PATRICK LORENZ,1700
HAMBURG,1360
ANDRE HANEBERG,1360
ABU HASSAN,1360
MÜTZE,1130
DOGAN TEMEL,1130
ZLATIBOR DUJKOVIC,1130
VEDRAN MANDIC,1020
MOUSSA KHANAFER,1020
TRONG HIEU NGUYEN,1020
REGULAR DONK,1020
,30090
,21320
,14970
,10890
,8050
,5840
,3970
,2840
,2210
,1700
,1360
,1360
,1360
,1130
,1130
,1130
,1020
,1020
,1020
Petelkau,3670
,3480
Gerstl,3445
Kourkis,2375
Demand,1960
Ahmadi,1060
Wolfschütz,710
Hamburg,530
Kahl,440
Florian H.Florian H.,4800
Timo S.Timo S.,4710
Monir,4500
Erkan S.Erkan S.,4500
Christian S.Christian S.,4500
Stefan N.Stefan N.,4000
Nino Oscar V.Nino Oscar V.,4000
Christian N.Christian N.,3900
Alaettin K.Alaettin K.,3800
Thomas H.Thomas H.,750
Jonas R.Jonas R.,645
Harro B.Harro B.,535
Doris W.Doris W.,535
Thomas W.Thomas W.,535
Homayonn T.Homayonn T.,430
Holger D.Holger D.,430
Arndt B.Arndt B.,430
,10765
,8170
,6020
,4300
,3225
,2255
,1720
,1290
,965
,750
,645
,535
,535
,535
,430
,430
,430
THOMAS KAZEMIEH,3601
MARCO URBAT,2500
MARCO WENDT,1650
CARSTEN CHYLLA,1290
DENNIS JENSS,1040
LOTHAR KIPP,810
MICHAEL BRANDES,640
RUSIAN KLAUSER,500
THOMAS HAPP,380
ENGIN AKGÜL,290
,290
ERIK RACHOW,270
ENTENG LIMBARA,270
Marco Dittmann,22840
Marco Wodrich,18000
Dennis Rohrwick,11660
Carina Hellwig,9260
Benoit Kuhn,7260
Patrick Lorenz,5690
Pawel Jarosz,4280
Gregory Telman,3040
Jager,2430
Fabian Dominik Schmidt,2010
Jose Moreno,2010
David Langmate,1750
Emre Nebipasagil,1750
Nicholas Michael Schreck,1530
Matthias Haenel,1530
Christian Golze,1370
Soenke Jahn,1370
Nikola Brankovic,1240
Christopher Bender,1240
Stephan Krämer,1240
Alexander Gerdshikow,1110
Lothar Sander,1110
Wolfgang Beck,1110
Florian Bach,970
Branko Samardzic,970
Michael Eleftherios,970
David Wiese,970
Thomas Neumann,840
Suksan Phusisot,840
Thomas Hunsicker,840
Ibrahim Ince,840
Wolfhard Browarczyk,710
Honkomp,710
Hael,710
Arman Zonobi,710
Vedat Coknez,710
Sami Jacobs,710
Martin Weidemann,710
Tom Philipp,710
Erkan Celebi,610
Antonio Rubiano Prada,610
Timur Cekli,610
Sasa Piljanovic,610
Adriatik Agalliu,610
Bejamin Kunert,610
Christian Rehfeldt,610
David Urban,610
Michael Koran,610
Darius Simkus,610
Mischa Schopnie,610
Costa Caballero,610
Ilia Karasin,610
Dmitry Pavlov,610
Marcel Hadler,610
Michael Brandes,610
Levent,570
Jasminko Hasanovic,570
Jaroslaw Kamil,570
Michael Oswald,570
David Kilmartin Lappin,570
Michael Wendlandt,570
Mohammad Bagher,570
Johannes Hafemeister,570
Frank Anderson,570
Thorsten,570
Sava Krink,570
Frank Jürgen Fechner,570
Thomas Pedersen,285
Oliver Sascha Kugler,285
Dinesh Alt Switzerland PokerStars player,69120
Ercan Atmaca Netherlands,43790
Germany,31650
Ismet Oral Turkey,25600
Erik Scheidt Germany PokerStars qualifier,20260
Marcel Schauenburg Germany,15590
Johnny Hansen Denmark,11610
Stephan Van Den Wyngaert Belgium,8400
George Danzer Germany Team PokerStars Pro,6800
Jan Bloch Germany PokerStars qualifier,5620
Andreas Majchrzak Germany,5620
Gisle Arne Olsen Denmark PokerStars qualifier,4880
Jonn Forst Austria,4880
Kai Schuster Germany PokerStars qualifier,4310
Robert Gorschewsky Germany,4310
David Dong Ming Yan New Zealand,3880
Andre Haneberg Germany,3880
Frank Debus Germany,3520
Miomir Saric Serbia,3520
Seung Hyun Kang South Korea,3520
Edgaras Kancaitis Lithuania,3170
Nikolas Menke Germany,3170
Goran Milovanovic Serbia,3170
Anastasios Mastroudis Greece,2810
Usman Siddique PokerStars qualifier,2810
Pablo Damian Nerro Diaz Uruguay,2810
Bartolomiej Grabowski Poland PokerStars qualifier,2810
Tamas Gonczi Hungary PokerStars qualifier,2460
Jan Christoph Von Halle Germany,2460
Marc Philipp Hammening Germany,2460
Tobias Peters Netherlands,2460
Jaroslaw Kamil Kosmaty Poland PokerStars qualifier,2100
Mehdi Tabrizizadeh Germany,2100
Marco Topic Germany,2100
Fabian Schaack Germany,2100
Rifat Palevic Sweden PokerStars qualifier,2100
Peter Jakob Germany,2100
Thorsten Walk Germany,2100
Jesper Feddersen Germany PokerStars qualifier,2100
Germany,1740
Johannes Max De Hond Netherlands PokerStars qualifier,1740
Phong Thanh Pham Vietnam,1740
Sebastian Homann Germany,1740
Georges Yazbeck Lebanon,1740
Kai Münster Germany,1740
Andreas Heitzmann Germany,1740
Monir Marie Germany,1740
Steve Buth Germany,1740
Andrey Demidov Russia,1740
Ludvik Jossund Stranden Norway,1740
Benjamin Bussenschutt Germany,1740
Tobias Schmidt Germany PokerStars player,1740
Tom Holke Germany,1740
Eike Koehler Germany PokerStars qualifier,1740
Nicholas Schreck Germany PokerStars qualifier,1740
,355990
MARCO FREESE,10695
PHONG THANH PHAM,10695
,5800
DAVID WIESE,4540
DRAGAN STANKOVIC,3660
ALIN PUSCAS,2850
STEFAN VENNEMANN,2260
DAMIR VASILJEVIC,1760
MICHAL MRAKES,1330
CEMIL CINAR,1020
ANDREAS KÖSTER,1020
VIRGO LASSNSOO,950
MIROSLAV FORMAN,950
,25788
,16260
,11660
,9260
,7260
,5690
,4280
,3040
Jager,2430
Fabian Dominik Schmidt,2010
Jose Moreno,2010
David Langmate,1750
Emre Nebipasagil,1750
Nicholas Michael Schreck,1530
Matthias Haenel,1530
Christian Golze,1370
Soenke Jahn,1370
Nikola Brankovic,1240
Christopher Bender,1240
Stephan Krämer,1240
Alexander Gerdshikow,1110
Lothar Sander,1110
Wolfgang Beck,1110
Florian Bach,970
Branko Samardzic,970
Michael Eleftherios,970
David Wiese,970
Thomas Neumann,840
Suksan Phusisot,840
Thomas Hunsicker,840
Ibrahim Ince,840
Wolfhard Browarczyk,710
Honkomp,710
Hael,710
Arman Zonobi,710
Vedat Coknez,710
Sami Jacobs,710
Martin Weidemann,710
Tom Philipp,710
Erkan Celebi,610
Antonio Rubiano Prada,610
Timur Cekli,610
Sasa Piljanovic,610
Adriatik Agalliu,610
Bejamin Kunert,610
Christian Rehfeldt,610
David Urban,610
Michael Koran,610
Darius Simkus,610
Mischa Schopnie,610
Costa Caballero,610
Ilia Karasin,610
Dmitry Pavlov,610
Marcel Hadler,610
Michael Brandes,610
Levent,570
Jasminko Hasanovic,570
Jaroslaw Kamil,570
Michael Oswald,570
David Kilmartin Lappin,570
Michael Wendlandt,570
Mohammad Bagher,570
Johannes Hafemeister,570
Frank Anderson,570
Thorsten,570
Sava Krink,570
Frank Jürgen Fechner,570
Thomas Pedersen,285
Oliver Sascha Kugler,285
THOMAS SCHROEPFER,22970
TAMU PETRI OLAVI KERO,15830
HERMANN MARCUS BEHRENS,10090
BJÖRN MUCHOW,7290
USMAN SIDIQUE,5900
,69120
,43790
,31650
,25600
,20260
,15590
Johnny Hansen Denmark,11610
Stephan Van Den Wyngaert Belgium,8400
George Danzer Germany Team PokerStars Pro,6800
Jan Bloch Germany PokerStars qualifier,5620
Andreas Majchrzak Germany,5620
Gisle Arne Olsen Denmark PokerStars qualifier,4880
Jonn Forst Austria,4880
Kai Schuster Germany PokerStars qualifier,4310
Robert Gorschewsky Germany,4310
David Dong Ming Yan New Zealand,3880
Andre Haneberg Germany,3880
Frank Debus Germany,3520
Miomir Saric Serbia,3520
Seung Hyun Kang South Korea,3520
Edgaras Kancaitis Lithuania,3170
Nikolas Menke Germany,3170
Goran Milovanovic Serbia,3170
Anastasios Mastroudis Greece,2810
Usman Siddique PokerStars qualifier,2810
Pablo Damian Nerro Diaz Uruguay,2810
Bartolomiej Grabowski Poland PokerStars qualifier,2810
Tamas Gonczi Hungary PokerStars qualifier,2460
Jan Christoph Von Halle Germany,2460
Marc Philipp Hammening Germany,2460
Tobias Peters Netherlands,2460
Jaroslaw Kamil Kosmaty Poland PokerStars qualifier,2100
Mehdi Tabrizizadeh Germany,2100
Marco Topic Germany,2100
Fabian Schaack Germany,2100
Rifat Palevic Sweden PokerStars qualifier,2100
Peter Jakob Germany,2100
Thorsten Walk Germany,2100
Jesper Feddersen Germany PokerStars qualifier,2100
Germany,1740
Johannes Max De Hond Netherlands PokerStars qualifier,1740
Phong Thanh Pham Vietnam,1740
Sebastian Homann Germany,1740
Georges Yazbeck Lebanon,1740
Kai Münster Germany,1740
Andreas Heitzmann Germany,1740
Monir Marie Germany,1740
Steve Buth Germany,1740
Andrey Demidov Russia,1740
Ludvik Jossund Stranden Norway,1740
Benjamin Bussenschutt Germany,1740
Tobias Schmidt Germany PokerStars player,1740
Tom Holke Germany,1740
Eike Koehler Germany PokerStars qualifier,1740
Nicholas Schreck Germany PokerStars qualifier,1740
,355990
,22970
,15830
,10090
,7290
,5900
,62080
,69120
,43790
,31650
,25600
,20260
,15590
,11610
,8400
,6800
,5620
,5620
,4880
,4880
,4310
,4310
,3880
,3880
,3520
,3520
,3520
,3170
,3170
Goran Milovanovic Serbia,3170
Anastasios Mastroudis Greece,2810
Usman Siddique PokerStars qualifier,2810
Pablo Damian Nerro Diaz Uruguay,2810
Bartolomiej Grabowski Poland PokerStars qualifier,2810
Tamas Gonczi Hungary PokerStars qualifier,2460
Jan Christoph Von Halle Germany,2460
Marc Philipp Hammening Germany,2460
Tobias Peters Netherlands,2460
Jaroslaw Kamil Kosmaty Poland PokerStars qualifier,2100
Mehdi Tabrizizadeh Germany,2100
Marco Topic Germany,2100
Fabian Schaack Germany,2100
Rifat Palevic Sweden PokerStars qualifier,2100
Peter Jakob Germany,2100
Thorsten Walk Germany,2100
Jesper Feddersen Germany PokerStars qualifier,2100
Germany,1740
Johannes Max De Hond Netherlands PokerStars qualifier,1740
Phong Thanh Pham Vietnam,1740
Sebastian Homann Germany,1740
Georges Yazbeck Lebanon,1740
Kai Münster Germany,1740
Andreas Heitzmann Germany,1740
Monir Marie Germany,1740
Steve Buth Germany,1740
Andrey Demidov Russia,1740
Ludvik Jossund Stranden Norway,1740
Benjamin Bussenschutt Germany,1740
Tobias Schmidt Germany PokerStars player,1740
Tom Holke Germany,1740
Eike Koehler Germany PokerStars qualifier,1740
Nicholas Schreck Germany PokerStars qualifier,1740
,355990
,69120
,43790
,31650
,25600
,20260
,15590
,11610
,8400
,6800
,5620
,5620
,4880
,4880
,4310
,4310
,3880
,3880
,3520
,3520
,3520
,3170
,3170
,3170
,2810
,2810
,2810
,2810
,2460
,2460
,2460
,2460
,2100
,2100
,2100
,2100
,2100
,2100
,2100
,2100
,1740
,1740
,1740
,1740
,1740
,1740
,1740
,1740
,1740
,1740
,1740
,1740
,1740
,1740
,1740
,1740
Enrico Bonke Germany,2745
Christian Stucken Germany,2332
Kai Munster Germany,2325
Davor Bendin Germany,1190
Daniel Peche Germany,920
Vasilios Ageloudis Germany,720
Mateusz Kozuch Poland,570
Stefan Mumm Germany,450
George Danzer Germany Team PokerStars Pro,34330
Christian Stratemeyer Germany,24840
Robert Heidorn Germany,16020
Hermann Marcus Behrens Germany,12130
Florian Bach Germany,9390
Michael Petelkau Germany,7330
Sascha Niese Germany,5840
Ireland,4580
,34330
,24840
,16020
,12130
,9390
,7330
,5840
,4580
Vallo Maidla Estonia,6602
Behzad Zarnegar Germany,4770
Grzegorz Derkowski Germany,3040
Milad Gami Germany,2300
Alin Puscas Romania,1780
Hermann Marcus Behrens Germany,1360
Oliver Niemann Germany,1100
Marc N.Marc N.,10000
Jörg G.Jörg G.,5671
Tobias G.Tobias G.,5671
Mehmet  A.Mehmet  A.,5671
Nico S.Nico S.,2670
Partick B,1910
Matthias S.Matthias S.,1450
Andreas O.Andreas O.,1105
Johannes W.Johannes W.,875
Sven D.Sven D.,705
Matthias K.Matthias K.,590
Tobias S.Tobias S.,515
Manh L. N.Manh L. N.,455
Tim v.L.Tim v.L.,455
Holger D.Holger D.,455
,10345
,7505
,5345
,3820
,2670
,1910
,1450
,1105
,875
,705
,590
,515
,455
,455
,455
BastianS.,6325
TillmannR.,6072
AbdullahB.,4990
Manh LinhN.,2484
AndreasM.,1932
ShpetimG.,1518
MarkusV.,1104
EnginK.,828
RlafG.,552
SvenD.,552
JörgG.,414
MarkusR.,414
MonikaB.,414
Florian Ha.Florian Ha.,11100
Erkan S.Erkan S.,9340
Marvin P.Marvin P.,8145
Andreas M.Andreas M.,4425
Amged A.Amged A.,2910
Mettry B.Mettry B.,2095
Bastian S.Bastian S.,1510
Christian W.Christian W.,1185
Frank F.Frank F.,1025
Florian Hu.Florian Hu.,860
Georg I.Georg I.,695
Vjekoslov S.Vjekoslov S.,695
Konstantinos K.Konstantinos K.,580
Kelvin K.Kelvin K.,580
Marc Q.Marc Q.,485
Emmanouil S.Emmanouil S.,485
Chi Quay H.Chi Quay H.,485
,12745
,9200
,6640
,4425
,2910
,2095
,1510
,1185
,1025
,860
,695
,695
,580
,580
,485
,485
,485
"K., A.",8329
"P., Thinh",7536
"R., Mark",7332
"N., Ngoc",6268
"K., Masoud",2545
"J., Lars",1900
"T., Hayri",1300
"Sch., Paul",960
"B., Harro",835
"W., Sebastian",720
"C., Andreas",610
"J., Marco",610
"C., Varol",515
"I., Georg",515
"D., Sven",475
"P., Antonio",475
"N., Manh Linh",475
"BubbleboyP., Gzim",220
Sonnenberg Harald,24820
Bach Florian,18630
Kersebom Hans,19380
Menke Nikolas,15720
Mandrake,21860
Holst Thorsten,8260
Hoang Chi Quay,6120
Spoddig Carlos,4500
Makariou Christos,3580
De Han,3010
Texas Omaha Alex,3010
Timo,2630
Dürschlag Hendrik,2630
Serkan,2390
Meinberg,2390
Kahl Matthias,2160
Marcel,2160
Tiko,1950
Hintz Julian,1950
Meyer Young Jin,1950
Shah Alem,1790
Cenda Jasko,1790
A.R.A.R.,1790
,35920
,24330
,16220
,13280
,10660
,8260
,6120
,4500
,3580
,3010
,3010
,2630
,2630
,2390
,2390
,2160
,2160
,1950
,1950
,1950
Shah Alem,1790
Cenda Jasko,1790
A.R.A.R.,1790
